"`id`","`has_description`"
"6","TRUE"
"231","TRUE"
"280","TRUE"
"334","TRUE"
"391","TRUE"
"392","TRUE"
"675","TRUE"
"735","TRUE"
"788","TRUE"
"982","TRUE"
"1022","TRUE"
"1182","TRUE"
"1207","TRUE"
"1305","TRUE"
"1615","TRUE"
"1620","TRUE"
"1742","TRUE"
"1743","TRUE"
"1799","TRUE"
"1962","TRUE"
"1996","TRUE"
"2146","TRUE"
"2204","TRUE"
"2727","TRUE"
"2746","TRUE"
"2864","TRUE"
"3052","TRUE"
"3386","TRUE"
"3430","TRUE"
"3457","TRUE"
"3595","TRUE"
"3623","TRUE"
"3648","TRUE"
"3751","TRUE"
"3928","TRUE"
"4003","TRUE"
"4021","TRUE"
"4068","TRUE"
"4095","TRUE"
"4267","TRUE"
"4281","TRUE"
"4346","TRUE"
"4432","TRUE"
"4473","TRUE"
"4654","TRUE"
"4711","TRUE"
"4929","TRUE"
"5124","TRUE"
"5161","TRUE"
"5184","TRUE"
"5455","TRUE"
"5478","TRUE"
"5497","TRUE"
"5626","TRUE"
"5629","TRUE"
"5874","TRUE"
"6009","TRUE"
"6053","TRUE"
"6223","TRUE"
"6313","TRUE"
"6413","TRUE"
"6848","TRUE"
"6931","TRUE"
"6978","TRUE"
"7059","TRUE"
"7149","TRUE"
"7233","TRUE"
"7317","TRUE"
"7756","TRUE"
"7836","TRUE"
"7982","TRUE"
"8184","TRUE"
"8304","TRUE"
"8329","TRUE"
"8390","TRUE"
"8525","TRUE"
"8566","TRUE"
"8833","TRUE"
"8892","TRUE"
"9259","TRUE"
"9383","TRUE"
"9682","TRUE"
"9709","TRUE"
"9713","TRUE"
"9716","TRUE"
"9951","TRUE"
"10070","TRUE"
"10197","TRUE"
"10512","TRUE"
"10579","TRUE"
"10594","TRUE"
"10649","TRUE"
"10686","TRUE"
"10798","TRUE"
"10912","TRUE"
"11067","TRUE"
"11435","TRUE"
"11820","TRUE"
"11902","TRUE"
"12031","TRUE"
"12257","TRUE"
"12258","TRUE"
"12830","TRUE"
"12831","TRUE"
"12885","TRUE"
"13235","TRUE"
"13436","TRUE"
"13718","TRUE"
"13747","TRUE"
"13929","TRUE"
"14061","TRUE"
"14098","TRUE"
"14763","TRUE"
"14952","TRUE"
"15433","TRUE"
"15728","TRUE"
"15756","TRUE"
"15762","TRUE"
"16113","TRUE"
"16376","TRUE"
"16462","TRUE"
"16639","TRUE"
"16820","TRUE"
"16836","TRUE"
"17000","TRUE"
"17165","TRUE"
"17411","TRUE"
"17730","TRUE"
"17742","TRUE"
"17798","TRUE"
"18003","TRUE"
"18045","TRUE"
"18090","TRUE"
"18571","TRUE"
"18601","TRUE"
"18941","TRUE"
"19019","TRUE"
"19030","TRUE"
"19375","TRUE"
"19579","TRUE"
"19615","TRUE"
"19626","TRUE"
"19640","TRUE"
"19806","TRUE"
"19996","TRUE"
"20138","TRUE"
"20678","TRUE"
"21218","TRUE"
"21274","TRUE"
"21530","TRUE"
"21621","TRUE"
"22086","TRUE"
"22321","TRUE"
"22528","TRUE"
"22551","TRUE"
"22772","TRUE"
"23085","TRUE"
"23122","TRUE"
"23238","TRUE"
"23301","TRUE"
"23429","TRUE"
"23605","TRUE"
"23670","TRUE"
"23834","TRUE"
"23888","TRUE"
"24177","TRUE"
"24213","TRUE"
"24326","TRUE"
"24522","TRUE"
"24559","TRUE"
"24603","TRUE"
"24889","TRUE"
"24960","TRUE"
"25016","TRUE"
"25359","TRUE"
"25380","TRUE"
"25986","TRUE"
"26624","TRUE"
"26636","TRUE"
"26688","TRUE"
"27046","TRUE"
"27194","TRUE"
"28009","TRUE"
"28054","TRUE"
"28069","TRUE"
"28204","TRUE"
"28556","TRUE"
"28576","TRUE"
"29172","TRUE"
"29762","TRUE"
"29914","TRUE"
"29991","TRUE"
"30402","TRUE"
"30653","TRUE"
"30738","TRUE"
"30761","TRUE"
"31283","TRUE"
"31366","TRUE"
"32023","TRUE"
"32107","TRUE"
"32638","TRUE"
"33227","TRUE"
"33565","TRUE"
"33656","TRUE"
"34288","TRUE"
"35473","TRUE"
"36313","TRUE"
"36413","TRUE"
"36591","TRUE"
"36713","TRUE"
"37623","TRUE"
"37778","TRUE"
"38658","TRUE"
"38744","TRUE"
"39027","TRUE"
"39044","TRUE"
"39075","TRUE"
"40389","TRUE"
"41254","TRUE"
"41498","TRUE"
"41849","TRUE"
"42214","TRUE"
"42948","TRUE"
"43969","TRUE"
"45141","TRUE"
"45669","TRUE"
"45702","TRUE"
"47940","TRUE"
"48829","TRUE"
"48951","TRUE"
"49570","TRUE"
"50875","TRUE"
"53018","TRUE"
"53286","TRUE"
"54351","TRUE"
"54491","TRUE"
"54785","TRUE"
"55259","TRUE"
"56374","TRUE"
"58642","TRUE"
"58903","TRUE"
"59582","TRUE"
"59607","TRUE"
"59830","TRUE"
"61117","TRUE"
"62093","TRUE"
"64212","TRUE"
"64390","TRUE"
"64654","TRUE"
"65772","TRUE"
"69069","TRUE"
"74160","TRUE"
"78782","TRUE"
"79442","TRUE"
"82957","TRUE"
"84341","TRUE"
"85800","TRUE"
"87135","TRUE"
"87869","TRUE"
"88390","TRUE"
"90988","TRUE"
"91363","TRUE"
"94451","TRUE"
"96553","TRUE"
"96689","TRUE"
"96763","TRUE"
"98743","TRUE"
"99731","TRUE"
"100266","TRUE"
"102179","TRUE"
"104483","TRUE"
"106815","TRUE"
"106864","TRUE"
"107530","TRUE"
"110992","TRUE"
"112249","TRUE"
"112262","TRUE"
"112292","TRUE"
"114167","TRUE"
"114751","TRUE"
"116162","TRUE"
"118048","TRUE"
"118551","TRUE"
"119275","TRUE"
"119977","TRUE"
"120216","TRUE"
"120707","TRUE"
"122760","TRUE"
"123356","TRUE"
"124137","TRUE"
"124505","TRUE"
"126528","TRUE"
"126778","TRUE"
"131286","TRUE"
"134290","TRUE"
"136457","TRUE"
"137246","TRUE"
"141145","TRUE"
"141261","TRUE"
"142406","TRUE"
"146205","TRUE"
"149332","TRUE"
"150716","TRUE"
"153822","TRUE"
"154114","TRUE"
"156773","TRUE"
"158753","TRUE"
"164085","TRUE"
"166720","TRUE"
"167194","TRUE"
"167303","TRUE"
"167985","TRUE"
"169454","TRUE"
"169529","TRUE"
"176492","TRUE"
"176596","TRUE"
"180685","TRUE"
"181526","TRUE"
"182702","TRUE"
"185861","TRUE"
"189681","TRUE"
"198069","TRUE"
"201672","TRUE"
"204692","TRUE"
"205834","TRUE"
"206270","TRUE"
"209924","TRUE"
"214505","TRUE"
"214552","TRUE"
"216447","TRUE"
"219601","TRUE"
"220953","TRUE"
"222916","TRUE"
"223537","TRUE"
"224435","TRUE"
"231026","TRUE"
"233193","TRUE"
"238698","TRUE"
"242564","TRUE"
"243431","TRUE"
"244129","TRUE"
"244417","TRUE"
"246730","TRUE"
"255320","TRUE"
"260066","TRUE"
"262948","TRUE"
"263107","TRUE"
"267105","TRUE"
"267717","TRUE"
"276344","TRUE"
"280617","TRUE"
"284018","TRUE"
"284075","TRUE"
"285798","TRUE"
"303616","TRUE"
"306833","TRUE"
"306908","TRUE"
"307612","TRUE"
"309661","TRUE"
"311780","TRUE"
"313268","TRUE"
"319466","TRUE"
"321869","TRUE"
"323565","TRUE"
"326476","TRUE"
"328815","TRUE"
"335881","TRUE"
"337343","TRUE"
"338816","TRUE"
"343698","TRUE"
"344063","TRUE"
"348868","TRUE"
"357887","TRUE"
"362053","TRUE"
"362894","TRUE"
"363605","TRUE"
"366402","TRUE"
"383256","TRUE"
"386790","TRUE"
"410586","TRUE"
"414089","TRUE"
"419651","TRUE"
"422791","TRUE"
"427496","TRUE"
"427934","TRUE"
"440795","TRUE"
"450059","TRUE"
"450328","TRUE"
"454235","TRUE"
"455467","TRUE"
"460773","TRUE"
"497181","TRUE"
"499056","TRUE"
"519333","TRUE"
"543497","TRUE"
"546329","TRUE"
"572040","TRUE"
"576260","TRUE"
"579759","TRUE"
"601064","TRUE"
"603530","TRUE"
"615055","TRUE"
"640609","TRUE"
"643697","TRUE"
"651549","TRUE"
"652682","TRUE"
"673716","TRUE"
"677148","TRUE"
"683351","TRUE"
"686542","TRUE"
"696102","TRUE"
"705818","TRUE"
"718118","TRUE"
"719340","TRUE"
"723307","TRUE"
"724361","TRUE"
"726806","TRUE"
"738430","TRUE"
"742622","TRUE"
"743378","TRUE"
"750986","TRUE"
"771049","TRUE"
"772395","TRUE"
"784448","TRUE"
"788950","TRUE"
"811373","TRUE"
"811401","TRUE"
"812923","TRUE"
"839143","TRUE"
"843214","TRUE"
"856494","TRUE"
"870927","TRUE"
"911527","TRUE"
"927777","TRUE"
"979207","TRUE"
"1001578","TRUE"
"1008365","TRUE"
"1009716","TRUE"
"1011413","TRUE"
"1015480","TRUE"
"1017307","TRUE"
"1025135","TRUE"
"1027466","TRUE"
"1031791","TRUE"
"1036996","TRUE"
"1059797","TRUE"
"1078185","TRUE"
"1080519","TRUE"
"1083125","TRUE"
"1084208","TRUE"
"1084793","TRUE"
"1093294","TRUE"
"1098117","TRUE"
"1099822","TRUE"
"1100704","TRUE"
"1117036","TRUE"
"1124381","TRUE"
"1186739","TRUE"
"1189471","TRUE"
"1195142","TRUE"
"1214622","TRUE"
"1228020","TRUE"
"1242075","TRUE"
"1248826","TRUE"
"1261926","TRUE"
"1270737","TRUE"
"1303073","TRUE"
"1328973","TRUE"
"1344179","TRUE"
"1352199","TRUE"
"1354419","TRUE"
"1366256","TRUE"
"1367068","TRUE"
"1367228","TRUE"
"1372746","TRUE"
"1381021","TRUE"
"1382032","TRUE"
"1391701","TRUE"
"1397125","TRUE"
"1397723","TRUE"
"1404659","TRUE"
"1412018","TRUE"
"1414836","TRUE"
"1416473","TRUE"
"1432150","TRUE"
"1434458","TRUE"
"1436875","TRUE"
"1437288","TRUE"
"1438441","TRUE"
"1449551","TRUE"
"1453441","TRUE"
"1457727","TRUE"
"1471234","TRUE"
"1471568","TRUE"
"1474764","TRUE"
"1486549","TRUE"
"1492346","TRUE"
"1500447","TRUE"
"1524373","TRUE"
"1526024","TRUE"
"1528221","TRUE"
"1545229","TRUE"
"1546988","TRUE"
"1600439","TRUE"
"1607018","TRUE"
"1619676","TRUE"
"1690743","TRUE"
"1698522","TRUE"
"1713442","TRUE"
"1749436","TRUE"
"1764042","TRUE"
"1778841","TRUE"
"1799111","TRUE"
"1819251","TRUE"
"1838125","TRUE"
"1852141","TRUE"
"1890840","TRUE"
"1891776","TRUE"
"1892389","TRUE"
"1893164","TRUE"
"1900934","TRUE"
"1903462","TRUE"
"1916255","TRUE"
"1918558","TRUE"
"1927874","TRUE"
"1927881","TRUE"
"1961397","TRUE"
"1964893","TRUE"
"1965404","TRUE"
"1977847","TRUE"
"1991636","TRUE"
"2001763","TRUE"
"2020393","TRUE"
"2051124","TRUE"
"2145058","TRUE"
"2146436","TRUE"
"2201979","TRUE"
"2206890","TRUE"
"2207463","TRUE"
"2213273","TRUE"
"2229635","TRUE"
"2241376","TRUE"
"2244312","TRUE"
"2244481","TRUE"
"2246039","TRUE"
"2249262","TRUE"
"2250690","TRUE"
"2252680","TRUE"
"2255699","TRUE"
"2257096","TRUE"
"2266052","TRUE"
"2281243","TRUE"
"2281819","TRUE"
"2294498","TRUE"
"2312008","TRUE"
"2315431","TRUE"
"2340614","TRUE"
"2345204","TRUE"
"2363619","TRUE"
"2363758","TRUE"
"2365356","TRUE"
"2372421","TRUE"
"2375290","TRUE"
"2381629","TRUE"
"2381679","TRUE"
"2389915","TRUE"
"2404370","TRUE"
"2409137","TRUE"
"2417208","TRUE"
"2421460","TRUE"
"2422498","TRUE"
"2434520","TRUE"
"2445228","TRUE"
"2476937","TRUE"
"2480777","TRUE"
"2513836","TRUE"
"2535892","TRUE"
"2572814","TRUE"
"2624458","TRUE"
"2660015","TRUE"
"2661903","TRUE"
"2702530","TRUE"
"2709309","TRUE"
"2719572","TRUE"
"2728868","TRUE"
"2739871","TRUE"
"2749609","TRUE"
"2752178","TRUE"
"2768008","TRUE"
"2771181","TRUE"
"2787691","TRUE"
"2796362","TRUE"
"2798946","TRUE"
"2801361","TRUE"
"2807863","TRUE"
"2835325","TRUE"
"2847808","TRUE"
"2862294","TRUE"
"2862977","TRUE"
"2873371","TRUE"
"2874293","TRUE"
"2875658","TRUE"
"2886485","TRUE"
"2889040","TRUE"
"2909754","TRUE"
"2922319","TRUE"
"2922620","TRUE"
"2940997","TRUE"
"2945321","TRUE"
"2978560","TRUE"
"2987164","TRUE"
"3004769","TRUE"
"3018979","TRUE"
"3036595","TRUE"
"3036835","TRUE"
"3040840","TRUE"
"3048906","TRUE"
"3063823","TRUE"
"3095960","TRUE"
"3117680","TRUE"
"3119886","TRUE"
"3122758","TRUE"
"3136825","TRUE"
"3163883","TRUE"
"3173347","TRUE"
"3180895","TRUE"
"3201792","TRUE"
"3205751","TRUE"
"3213902","TRUE"
"3224446","TRUE"
"3231556","TRUE"
"3236423","TRUE"
"3250844","TRUE"
"3276139","TRUE"
"3283518","TRUE"
"3286419","TRUE"
"3287419","TRUE"
"3296518","TRUE"
"3308302","TRUE"
"3321949","TRUE"
"3346024","TRUE"
"3361740","TRUE"
"3368849","TRUE"
"3370838","TRUE"
"3389811","TRUE"
"3407626","TRUE"
"3413879","TRUE"
"3427780","TRUE"
"3429645","TRUE"
"3434493","TRUE"
"3462816","TRUE"
"3465213","TRUE"
"3487382","TRUE"
"3498338","TRUE"
"3499917","TRUE"
"3513117","TRUE"
"3523460","TRUE"
"3524332","TRUE"
"3529137","TRUE"
"3582345","TRUE"
"3592410","TRUE"
"3594572","TRUE"
"3610783","TRUE"
"3631888","TRUE"
"3641172","TRUE"
"3642978","TRUE"
"3649472","TRUE"
"3659421","TRUE"
"3664437","TRUE"
"3669790","TRUE"
"3683487","TRUE"
"3706501","TRUE"
"3708910","TRUE"
"3714509","TRUE"
"3716978","TRUE"
"3752385","TRUE"
"3756185","TRUE"
"3759006","TRUE"
"3769056","TRUE"
"3770464","TRUE"
"3807912","TRUE"
"3814424","TRUE"
"3827244","TRUE"
"3863843","TRUE"
"3872943","TRUE"
"3874746","TRUE"
"3877884","TRUE"
"3893356","TRUE"
"3905191","TRUE"
"3908715","TRUE"
"3943403","TRUE"
"3961217","TRUE"
"3983276","TRUE"
"3992573","TRUE"
"4003838","TRUE"
"4019026","TRUE"
"4026408","TRUE"
"4035765","TRUE"
"4052435","TRUE"
"4058558","TRUE"
"4069483","TRUE"
"4092676","TRUE"
"4115240","TRUE"
"4120130","TRUE"
"4136027","TRUE"
"4142580","TRUE"
"4160390","TRUE"
"4192518","TRUE"
"4198417","TRUE"
"4255397","TRUE"
"4291112","TRUE"
"4291254","TRUE"
"4339243","TRUE"
"4342100","TRUE"
"4420524","TRUE"
"4428725","TRUE"
"4467262","TRUE"
"4477515","TRUE"
"4484156","TRUE"
"4513783","TRUE"
"4539094","TRUE"
"4540322","TRUE"
"4563307","TRUE"
"4563494","TRUE"
"4569976","TRUE"
"4583981","TRUE"
"4584491","TRUE"
"4588007","TRUE"
"4629745","TRUE"
"4646758","TRUE"
"4660569","TRUE"
"4680920","TRUE"
"4682471","TRUE"
"4695209","TRUE"
"4739172","TRUE"
"4753416","TRUE"
"4773093","TRUE"
"4776433","TRUE"
"4780077","TRUE"
"4786655","TRUE"
"4809226","TRUE"
"4877698","TRUE"
"4879481","TRUE"
"4882831","TRUE"
"4894767","TRUE"
"4896516","TRUE"
"4899910","TRUE"
"4903941","TRUE"
"4904730","TRUE"
"4926223","TRUE"
"4929815","TRUE"
"4933925","TRUE"
"4963729","TRUE"
"4988377","TRUE"
"4992188","TRUE"
"4993581","TRUE"
"5041761","TRUE"
"5042362","TRUE"
"5069439","TRUE"
"5078978","TRUE"
"5103160","TRUE"
"5120709","TRUE"
"5145060","TRUE"
"5146456","TRUE"
"5195927","TRUE"
"5205541","TRUE"
"5216745","TRUE"
"5247954","TRUE"
"5304081","TRUE"
"5312058","TRUE"
"5322239","TRUE"
"5350409","TRUE"
"5368058","TRUE"
"5371237","TRUE"
"5379586","TRUE"
"5384527","TRUE"
"5398997","TRUE"
"5399390","TRUE"
"5411876","TRUE"
"5427047","TRUE"
"5428457","TRUE"
"5430540","TRUE"
"5435325","TRUE"
"5439720","TRUE"
"5441485","TRUE"
"5472160","TRUE"
"5481554","TRUE"
"5507363","TRUE"
"5522468","TRUE"
"5534759","TRUE"
"5548430","TRUE"
"5552730","TRUE"
"5555823","TRUE"
"5565375","TRUE"
"5568720","TRUE"
"5573155","TRUE"
"5593627","TRUE"
"5597614","TRUE"
"5598479","TRUE"
"5600557","TRUE"
"5602838","TRUE"
"5604899","TRUE"
"5617024","TRUE"
"5630665","TRUE"
"5636078","TRUE"
"5718353","TRUE"
"5731028","TRUE"
"5741726","TRUE"
"5778983","TRUE"
"5784154","TRUE"
"5798893","TRUE"
"5807266","TRUE"
"5812279","TRUE"
"5817753","TRUE"
"5828347","TRUE"
"5829099","TRUE"
"5846748","TRUE"
"5942149","TRUE"
"5944667","TRUE"
"5979563","TRUE"
"5989485","TRUE"
"6005713","TRUE"
"6013073","TRUE"
"6065511","TRUE"
"6068879","TRUE"
"6085795","TRUE"
"6087555","TRUE"
"6095575","TRUE"
"6096676","TRUE"
"6169171","TRUE"
"6172020","TRUE"
"6191402","TRUE"
"6196408","TRUE"
"6210932","TRUE"
"6225214","TRUE"
"6236268","TRUE"
"6239513","TRUE"
"6253776","TRUE"
"6278048","TRUE"
"6278863","TRUE"
"6280726","TRUE"
"6299920","TRUE"
"6307815","TRUE"
"6312005","TRUE"
"6318240","TRUE"
"6328765","TRUE"
"6399055","TRUE"
"6403871","TRUE"
"6412773","TRUE"
"6441856","TRUE"
"6442229","TRUE"
"6451691","TRUE"
"6462793","TRUE"
"6476825","TRUE"
"6496393","TRUE"
"6498079","TRUE"
"6499244","TRUE"
"6505671","TRUE"
"6533556","TRUE"
"6587692","TRUE"
"6610198","TRUE"
"6611850","TRUE"
"6653643","TRUE"
"6704373","TRUE"
"6712024","TRUE"
"6744736","TRUE"
"6753616","TRUE"
"6800846","TRUE"
"6816151","TRUE"
"6853230","TRUE"
"6861499","TRUE"
"6882788","TRUE"
"6916565","TRUE"
"6962535","TRUE"
"6965555","TRUE"
"6965574","TRUE"
"6970257","TRUE"
"6988298","TRUE"
"6988998","TRUE"
"7001356","TRUE"
"7013556","TRUE"
"7019686","TRUE"
"7075652","TRUE"
"7089559","TRUE"
"7105340","TRUE"
"7113913","TRUE"
"7132386","TRUE"
"7146853","TRUE"
"7147408","TRUE"
"7158417","TRUE"
"7164842","TRUE"
"7170693","TRUE"
"7182205","TRUE"
"7189065","TRUE"
"7190023","TRUE"
"7199692","TRUE"
"7212462","TRUE"
"7215130","TRUE"
"7222746","TRUE"
"7228519","TRUE"
"7240106","TRUE"
"7249970","TRUE"
"7258997","TRUE"
"7259889","TRUE"
"7260288","TRUE"
"7266288","TRUE"
"7276482","TRUE"
"7294438","TRUE"
"7304063","TRUE"
"7305150","TRUE"
"7306369","TRUE"
"7306673","TRUE"
"7308213","TRUE"
"7326980","TRUE"
"7344511","TRUE"
"7361572","TRUE"
"7383416","TRUE"
"7412153","TRUE"
"7420900","TRUE"
"7461031","TRUE"
"7489584","TRUE"
"7504851","TRUE"
"7537997","TRUE"
"7553911","TRUE"
"7556976","TRUE"
"7570729","TRUE"
"7607012","TRUE"
"7617634","TRUE"
"7623896","TRUE"
"7645899","TRUE"
"7654253","TRUE"
"7658667","TRUE"
"7666955","TRUE"
"7722836","TRUE"
"7732133","TRUE"
"7751311","TRUE"
"7753732","TRUE"
"7769665","TRUE"
"7808122","TRUE"
"7810452","TRUE"
"7811703","TRUE"
"7835118","TRUE"
"7883108","TRUE"
"7883561","TRUE"
"7890973","TRUE"
"7924929","TRUE"
"7952993","TRUE"
"7980702","TRUE"
"7990763","TRUE"
"8012811","TRUE"
"8017772","TRUE"
"8091268","TRUE"
"8117762","TRUE"
"8125526","TRUE"
"8137228","TRUE"
"8142691","TRUE"
"8162617","TRUE"
"8169424","TRUE"
"8170478","TRUE"
"8194675","TRUE"
"8228397","TRUE"
"8270641","TRUE"
"8296041","TRUE"
"8313244","TRUE"
"8339915","TRUE"
"8346508","TRUE"
"8387817","TRUE"
"8390641","TRUE"
"8404580","TRUE"
"8405131","TRUE"
"8416517","TRUE"
"8427119","TRUE"
"8450572","TRUE"
"8475145","TRUE"
"8485455","TRUE"
"8515356","TRUE"
"8532385","TRUE"
"8532554","TRUE"
"8576259","TRUE"
"8596480","TRUE"
"8634501","TRUE"
"8688328","TRUE"
"8732866","TRUE"
"8734343","TRUE"
"8758294","TRUE"
"8769923","TRUE"
"8772689","TRUE"
"8776028","TRUE"
"8789813","TRUE"
"8817056","TRUE"
"8818018","TRUE"
"8847632","TRUE"
"8854423","TRUE"
"8875437","TRUE"
"8875464","TRUE"
"8905797","TRUE"
"8906917","TRUE"
"8913435","TRUE"
"8939716","TRUE"
"8944249","TRUE"
"9026379","TRUE"
"9041360","TRUE"
"9051214","TRUE"
"9062615","TRUE"
"9078570","TRUE"
"9095732","TRUE"
"9121894","TRUE"
"9139436","TRUE"
"9152395","TRUE"
"9160279","TRUE"
"9232309","TRUE"
"9240557","TRUE"
"9245754","TRUE"
"9255018","TRUE"
"9268752","TRUE"
"9282939","TRUE"
"9343717","TRUE"
"9344074","TRUE"
"9346606","TRUE"
"9352549","TRUE"
"9356105","TRUE"
"9358405","TRUE"
"9380376","TRUE"
"9392393","TRUE"
"9394397","TRUE"
"9468307","TRUE"
"9478333","TRUE"
"9504109","TRUE"
"9511165","TRUE"
"9540082","TRUE"
"9570005","TRUE"
"9589511","TRUE"
"9597076","TRUE"
"9599053","TRUE"
"9600790","TRUE"
"9626183","TRUE"
"9650960","TRUE"
"9664486","TRUE"
"9677139","TRUE"
"9687174","TRUE"
"9701410","TRUE"
"9701695","TRUE"
"9703605","TRUE"
"9704915","TRUE"
"9706049","TRUE"
"9709068","TRUE"
"9709116","TRUE"
"9717218","TRUE"
"9726637","TRUE"
"9727940","TRUE"
"9745677","TRUE"
"9755937","TRUE"
"9777067","TRUE"
"9814221","TRUE"
"9817959","TRUE"
"9862004","TRUE"
"9865676","TRUE"
"9866862","TRUE"
"9877090","TRUE"
"9893161","TRUE"
"9895007","TRUE"
"9906217","TRUE"
"9908329","TRUE"
"9912292","TRUE"
"9930325","TRUE"
"9931815","TRUE"
"9961002","TRUE"
"9975034","TRUE"
"9982219","TRUE"
"9983686","TRUE"
"10053600","TRUE"
"10060643","TRUE"
"10066441","TRUE"
"10084609","TRUE"
"10084678","TRUE"
"10123492","TRUE"
"10125352","TRUE"
"10138664","TRUE"
"10172529","TRUE"
"10192555","TRUE"
"10196307","TRUE"
"10233169","TRUE"
"10258995","TRUE"
"10260382","TRUE"
"10282819","TRUE"
"10296656","TRUE"
"10301817","TRUE"
"10358518","TRUE"
"10377821","TRUE"
"10379711","TRUE"
"10388177","TRUE"
"10396798","TRUE"
"10410843","TRUE"
"10412281","TRUE"
"10432015","TRUE"
"10435441","TRUE"
"10435922","TRUE"
"10447564","TRUE"
"10451754","TRUE"
"10473430","TRUE"
"10512042","TRUE"
"10521722","TRUE"
"10528918","TRUE"
"10541844","TRUE"
"10548198","TRUE"
"10555368","TRUE"
"10574931","TRUE"
"10576004","TRUE"
"10585250","TRUE"
"10589306","TRUE"
"10631290","TRUE"
"10660095","TRUE"
"10732476","TRUE"
"10733538","TRUE"
"10741429","TRUE"
"10752463","TRUE"
"10773454","TRUE"
"10777706","TRUE"
"10784470","TRUE"
"10803994","TRUE"
"10812016","TRUE"
"10814377","TRUE"
"10815238","TRUE"
"10817458","TRUE"
"10829089","TRUE"
"10829314","TRUE"
"10832091","TRUE"
"10832897","TRUE"
"10832960","TRUE"
"10834528","TRUE"
"10854850","TRUE"
"10859865","TRUE"
"10910878","TRUE"
"10947458","TRUE"
"10953007","TRUE"
"10955983","TRUE"
"10956567","TRUE"
"10963081","TRUE"
"10964976","TRUE"
"11026907","TRUE"
"11061859","TRUE"
"11066875","TRUE"
"11072255","TRUE"
"11080800","TRUE"
"11095632","TRUE"
"11107988","TRUE"
"11127510","TRUE"
"11132347","TRUE"
"11139593","TRUE"
"11144636","TRUE"
"11165808","TRUE"
"11176827","TRUE"
"11182376","TRUE"
"11183490","TRUE"
"11197300","TRUE"
"11212499","TRUE"
"11227723","TRUE"
"11228451","TRUE"
"11238565","TRUE"
"11265367","TRUE"
"11291526","TRUE"
"11297052","TRUE"
"11318999","TRUE"
"11323491","TRUE"
"11338993","TRUE"
"11348682","TRUE"
"11362536","TRUE"
"11384611","TRUE"
"11402707","TRUE"
"11453235","TRUE"
"11467831","TRUE"
"11474560","TRUE"
"11494393","TRUE"
"11512622","TRUE"
"11554847","TRUE"
"11570176","TRUE"
"11588385","TRUE"
"11605642","TRUE"
"11622535","TRUE"
"11625417","TRUE"
"11662013","TRUE"
"11668604","TRUE"
"11680693","TRUE"
"11698195","TRUE"
"11702237","TRUE"
"11704557","TRUE"
"11706023","TRUE"
"11707880","TRUE"
"11720517","TRUE"
"11733127","TRUE"
"11735060","TRUE"
"11737051","TRUE"
"11744765","TRUE"
"11746264","TRUE"
"11753236","TRUE"
"11761587","TRUE"
"11784159","TRUE"
"11785544","TRUE"
"11797084","TRUE"
"11802012","TRUE"
"11817714","TRUE"
"11850935","TRUE"
"11854803","TRUE"
"11912097","TRUE"
"11924541","TRUE"
"12092942","TRUE"
"12170217","TRUE"
"12192051","TRUE"
"12197208","TRUE"
"12226983","TRUE"
"12229395","TRUE"
"12260707","TRUE"
"12262320","TRUE"
"12274903","TRUE"
"12280393","TRUE"
"12308151","TRUE"
"12313618","TRUE"
"12315617","TRUE"
"12316998","TRUE"
"12326365","TRUE"
"12350238","TRUE"
"12398542","TRUE"
"12449377","TRUE"
"12474524","TRUE"
"12505449","TRUE"
"12508484","TRUE"
"12520304","TRUE"
"12526520","TRUE"
"12589909","TRUE"
"12630000","TRUE"
"12653317","TRUE"
"12666384","TRUE"
"12670029","TRUE"
"12682828","TRUE"
"12682853","TRUE"
"12715530","TRUE"
"12719568","TRUE"
"12740796","TRUE"
"12746037","TRUE"
"12749140","TRUE"
"12761803","TRUE"
"12798077","TRUE"
"12806676","TRUE"
"12807650","TRUE"
"12814859","TRUE"
"12821674","TRUE"
"12861561","TRUE"
"12878383","TRUE"
"12908987","TRUE"
"12998527","TRUE"
"13061306","TRUE"
"13071706","TRUE"
"13082203","TRUE"
"13095216","TRUE"
"13097260","TRUE"
"13126326","TRUE"
"13128433","TRUE"
"13155583","TRUE"
"13334964","TRUE"
"13368782","TRUE"
"13393204","TRUE"
"13398866","TRUE"
"13403042","TRUE"
"13413696","TRUE"
"13454056","TRUE"
"13464028","TRUE"
"13480659","TRUE"
"13481226","TRUE"
"13489032","TRUE"
"13490952","TRUE"
"13494877","TRUE"
"13509074","TRUE"
"13520780","TRUE"
"13523497","TRUE"
"13536812","TRUE"
"13544235","TRUE"
"13570263","TRUE"
"13585659","TRUE"
"13593152","TRUE"
"13602488","TRUE"
"13613053","TRUE"
"13615253","TRUE"
"13621454","TRUE"
"13635889","TRUE"
"13636760","TRUE"
"13636819","TRUE"
"13640327","TRUE"
"13642463","TRUE"
"13655055","TRUE"
"13664602","TRUE"
"13678610","TRUE"
"13685691","TRUE"
"13719308","TRUE"
"13735930","TRUE"
"13737011","TRUE"
"13740270","TRUE"
"13747894","TRUE"
"13759969","TRUE"
"13778815","TRUE"
"13808342","TRUE"
"13837159","TRUE"
"13865588","TRUE"
"13964115","TRUE"
"13978039","TRUE"
"14000694","TRUE"
"14027141","TRUE"
"14101318","TRUE"
"14116012","TRUE"
"14210902","TRUE"
"14215488","TRUE"
"14263163","TRUE"
"14286406","TRUE"
"14328878","TRUE"
"14435272","TRUE"
"14457963","TRUE"
"14515342","TRUE"
"14543063","TRUE"
"14545279","TRUE"
"14627410","TRUE"
"14666817","TRUE"
"14682420","TRUE"
"14698825","TRUE"
"14737226","TRUE"
"14771481","TRUE"
"14782669","TRUE"
"14806250","TRUE"
"14846150","TRUE"
"14847736","TRUE"
"14848865","TRUE"
"14880605","TRUE"
"14897153","TRUE"
"14910241","TRUE"
"14914675","TRUE"
"14957066","TRUE"
"14959628","TRUE"
"14989257","TRUE"
"14995115","TRUE"
"15017277","TRUE"
"15022227","TRUE"
"15080529","TRUE"
"15125364","TRUE"
"15195328","TRUE"
"15205203","TRUE"
"15205847","TRUE"
"15228302","TRUE"
"15239162","TRUE"
"15246185","TRUE"
"15252261","TRUE"
"15285403","TRUE"
"15363005","TRUE"
"15384846","TRUE"
"15393494","TRUE"
"15471020","TRUE"
"15500909","TRUE"
"15509641","TRUE"
"15525750","TRUE"
"15531805","TRUE"
"15536213","TRUE"
"15536505","TRUE"
"15548976","TRUE"
"15573016","TRUE"
"15612970","TRUE"
"15623292","TRUE"
"15627284","TRUE"
"15646653","TRUE"
"15669545","TRUE"
"15676204","TRUE"
"15710174","TRUE"
"15718946","TRUE"
"15729314","TRUE"
"15743643","TRUE"
"15753913","TRUE"
"15778405","TRUE"
"15793721","TRUE"
"15794603","TRUE"
"15867274","TRUE"
"15915198","TRUE"
"15956179","TRUE"
"15998060","TRUE"
"16020916","TRUE"
"16030648","TRUE"
"16077481","TRUE"
"16116800","TRUE"
"16154948","TRUE"
"16174927","TRUE"
"16219560","TRUE"
"16224803","TRUE"
"16230400","TRUE"
"16307010","TRUE"
"16310355","TRUE"
"16409333","TRUE"
"16415741","TRUE"
"16423884","TRUE"
"16534152","TRUE"
"16550843","TRUE"
"16611808","TRUE"
"16622735","TRUE"
"16638704","TRUE"
"16647116","TRUE"
"16691009","TRUE"
"16717734","TRUE"
"16723951","TRUE"
"16730686","TRUE"
"16733587","TRUE"
"16741757","TRUE"
"16754990","TRUE"
"16770502","TRUE"
"16782015","TRUE"
"16798228","TRUE"
"16834666","TRUE"
"16837900","TRUE"
"16846494","TRUE"
"16904075","TRUE"
"16949824","TRUE"
"16988042","TRUE"
"16988139","TRUE"
"17009322","TRUE"
"17021738","TRUE"
"17036156","TRUE"
"17038695","TRUE"
"17070556","TRUE"
"17081302","TRUE"
"17139019","TRUE"
"17169141","TRUE"
"17193964","TRUE"
"17251459","TRUE"
"17273246","TRUE"
"17296591","TRUE"
"17373284","TRUE"
"17392942","TRUE"
"17466008","TRUE"
"17472048","TRUE"
"17479978","TRUE"
"17532093","TRUE"
"17539972","TRUE"
"17593904","TRUE"
"17629210","TRUE"
"17648544","TRUE"
"17664209","TRUE"
"17746668","TRUE"
"17753126","TRUE"
"17784660","TRUE"
"17785086","TRUE"
"17840201","TRUE"
"17865733","TRUE"
"17867788","TRUE"
"17879187","TRUE"
"17921081","TRUE"
"17922358","TRUE"
"17924077","TRUE"
"17964103","TRUE"
"17982139","TRUE"
"17982701","TRUE"
"18013712","TRUE"
"18022219","TRUE"
"18026805","TRUE"
"18028838","TRUE"
"18029648","TRUE"
"18035907","TRUE"
"18054793","TRUE"
"18059452","TRUE"
"18059812","TRUE"
"18097224","TRUE"
"18129978","TRUE"
"18236982","TRUE"
"18257960","TRUE"
"18258297","TRUE"
"18272904","TRUE"
"18313948","TRUE"
"18355741","TRUE"
"18415473","TRUE"
"18418200","TRUE"
"18429672","TRUE"
"18461617","TRUE"
"18469788","TRUE"
"18507554","TRUE"
"18513548","TRUE"
"18552022","TRUE"
"18623771","TRUE"
"18646362","TRUE"
"18655199","TRUE"
"18674058","TRUE"
"18714651","TRUE"
"18781956","TRUE"
"18790667","TRUE"
"18810686","TRUE"
"18821370","TRUE"
"18822502","TRUE"
"18847237","TRUE"
"18869596","TRUE"
"18903735","TRUE"
"18904813","TRUE"
"18993586","TRUE"
"19010386","TRUE"
"19047987","TRUE"
"19099635","TRUE"
"19122404","TRUE"
"19153219","TRUE"
"19185130","TRUE"
"19314846","TRUE"
"19320997","TRUE"
"19329970","TRUE"
"19525779","TRUE"
"19552315","TRUE"
"19569279","TRUE"
"19581764","TRUE"
"19594347","TRUE"
"19600642","TRUE"
"19612571","TRUE"
"19630614","TRUE"
"19637265","TRUE"
"19641501","TRUE"
"19644716","TRUE"
"19664730","TRUE"
"19685186","TRUE"
"19689982","TRUE"
"19696936","TRUE"
"19710500","TRUE"
"19717550","TRUE"
"19755185","TRUE"
"19755702","TRUE"
"19758699","TRUE"
"19761685","TRUE"
"19790971","TRUE"
"19820804","TRUE"
"19823479","TRUE"
"19943063","TRUE"
"20008478","TRUE"
"20029138","TRUE"
"20029706","TRUE"
"20138487","TRUE"
"20163538","TRUE"
"20224741","TRUE"
"20226295","TRUE"
"20265215","TRUE"
"20285835","TRUE"
"20311740","TRUE"
"20378057","TRUE"
"20390809","TRUE"
"20398795","TRUE"
"20410311","TRUE"
"20425918","TRUE"
"20434473","TRUE"
"20435182","TRUE"
"20450716","TRUE"
"20450796","TRUE"
"20465270","TRUE"
"20508542","TRUE"
"20532547","TRUE"
"20532667","TRUE"
"20637830","TRUE"
"20647545","TRUE"
"20660971","TRUE"
"20666664","TRUE"
"20680088","TRUE"
"20682630","TRUE"
"20737229","TRUE"
"20752407","TRUE"
"20754312","TRUE"
"20774253","TRUE"
"20835622","TRUE"
"20844574","TRUE"
"20873386","TRUE"
"20925694","TRUE"
"20935792","TRUE"
"20955762","TRUE"
"21044484","TRUE"
"21058198","TRUE"
"21065369","TRUE"
"21174695","TRUE"
"21187110","TRUE"
"21191867","TRUE"
"21312489","TRUE"
"21341462","TRUE"
"21358389","TRUE"
"21448026","TRUE"
"21582674","TRUE"
"21603107","TRUE"
"21618029","TRUE"
"21629316","TRUE"
"21667956","TRUE"
"21700832","TRUE"
"21719074","TRUE"
"21770593","TRUE"
"21784371","TRUE"
"21864762","TRUE"
"21908633","TRUE"
"21909651","TRUE"
"21921763","TRUE"
"21924858","TRUE"
"21963930","TRUE"
"21971963","TRUE"
"21974766","TRUE"
"22036307","TRUE"
"22041659","TRUE"
"22042237","TRUE"
"22045114","TRUE"
"22046894","TRUE"
"22047350","TRUE"
"22050640","TRUE"
"22052042","TRUE"
"22053634","TRUE"
"22053762","TRUE"
"22054830","TRUE"
"22056425","TRUE"
"22056630","TRUE"
"22076087","TRUE"
"22076833","TRUE"
"22077026","TRUE"
"22084327","TRUE"
"22085827","TRUE"
"22095887","TRUE"
"22105376","TRUE"
"22110826","TRUE"
"22123631","TRUE"
"22141768","TRUE"
"22187814","TRUE"
"22236354","TRUE"
"22278515","TRUE"
"22282240","TRUE"
"22402010","TRUE"
"22946554","TRUE"
"23114966","TRUE"
"23249012","TRUE"
"23428045","TRUE"
"23458675","TRUE"
"23465223","TRUE"
"23471356","TRUE"
"23537807","TRUE"
"23600597","TRUE"
"23620520","TRUE"
"23769369","TRUE"
"23775197","TRUE"
"23918553","TRUE"
"23924596","TRUE"
"23964055","TRUE"
"24094301","TRUE"
"24136448","TRUE"
"24177440","TRUE"
"24240637","TRUE"
"24265177","TRUE"
"24272262","TRUE"
"24283325","TRUE"
"24491126","TRUE"
"24495953","TRUE"
"24498221","TRUE"
"24540619","TRUE"
"24568290","TRUE"
"24618268","TRUE"
"24729237","TRUE"
"24899862","TRUE"
"24900752","TRUE"
"24908811","TRUE"
"24919055","TRUE"
"24938003","TRUE"
"25004073","TRUE"
"25037257","TRUE"
"25037627","TRUE"
"25045443","TRUE"
"25051824","TRUE"
"25070656","TRUE"
"25256022","TRUE"
"25256938","TRUE"
"25395643","TRUE"
"25440413","TRUE"
"25545538","TRUE"
"25650073","TRUE"
"25672260","TRUE"
"25830758","TRUE"
"25858715","TRUE"
"25944077","TRUE"
"25954906","TRUE"
"25977484","TRUE"
"26091726","TRUE"
"26108120","TRUE"
"26112145","TRUE"
"26119533","TRUE"
"26341053","TRUE"
"26392840","TRUE"
"26459676","TRUE"
"26550795","TRUE"
"26674333","TRUE"
"26783304","TRUE"
"26873823","TRUE"
"26936537","TRUE"
"26961388","TRUE"
"26965543","TRUE"
"27147563","TRUE"
"27232955","TRUE"
"27299735","TRUE"
"27306008","TRUE"
"27326987","TRUE"
"27345935","TRUE"
"27375757","TRUE"
"27406305","TRUE"
"27406826","TRUE"
"27428481","TRUE"
"27469596","TRUE"
"27496559","TRUE"
"27501293","TRUE"
"27530962","TRUE"
"27533386","TRUE"
"27623476","TRUE"
"27671937","TRUE"
"27676276","TRUE"
"27681681","TRUE"
"27747720","TRUE"
"27859042","TRUE"
"27881432","TRUE"
"27955513","TRUE"
"27977354","TRUE"
"28033868","TRUE"
"28085151","TRUE"
"28117425","TRUE"
"28153902","TRUE"
"28317607","TRUE"
"28338390","TRUE"
"28376284","TRUE"
"28401052","TRUE"
"28405382","TRUE"
"28625357","TRUE"
"28690670","TRUE"
"28754602","TRUE"
"28947710","TRUE"
"28952769","TRUE"
"28992266","TRUE"
"29023113","TRUE"
"799","FALSE"
"1819","FALSE"
"4276","FALSE"
"4846","FALSE"
"8127","FALSE"
"10462","FALSE"
"14622","FALSE"
"18250","FALSE"
"54068","FALSE"
"54745","FALSE"
"70499","FALSE"
"81444","FALSE"
"113880","FALSE"
"159999","FALSE"
"207212","FALSE"
"374916","FALSE"
"445199","FALSE"
"569534","FALSE"
"748510","FALSE"
"773433","FALSE"
"804708","FALSE"
"1886159","FALSE"
"1904790","FALSE"
"1949584","FALSE"
"1989790","FALSE"
"2257240","FALSE"
"2337743","FALSE"
"2447212","FALSE"
"2467228","FALSE"
"2601235","FALSE"
"2662867","FALSE"
"2814268","FALSE"
"2923558","FALSE"
"3063870","FALSE"
"3067095","FALSE"
"3168742","FALSE"
"3290625","FALSE"
"3549651","FALSE"
"3600377","FALSE"
"3997006","FALSE"
"4030767","FALSE"
"4045632","FALSE"
"4187118","FALSE"
"4326459","FALSE"
"4476638","FALSE"
"4605271","FALSE"
"4607985","FALSE"
"4663721","FALSE"
"4722740","FALSE"
"4731748","FALSE"
"4775481","FALSE"
"4819374","FALSE"
"4911527","FALSE"
"5074778","FALSE"
"5095078","FALSE"
"5140545","FALSE"
"5152250","FALSE"
"5377260","FALSE"
"5927767","FALSE"
"6023112","FALSE"
"6108651","FALSE"
"6126544","FALSE"
"6404061","FALSE"
"6457494","FALSE"
"6571469","FALSE"
"6699074","FALSE"
"6843683","FALSE"
"7198962","FALSE"
"7432562","FALSE"
"7738640","FALSE"
"7846270","FALSE"
"7940296","FALSE"
"8117944","FALSE"
"8339162","FALSE"
"8566806","FALSE"
"8670482","FALSE"
"8742938","FALSE"
"8784767","FALSE"
"8837968","FALSE"
"8984199","FALSE"
"9382176","FALSE"
"9400432","FALSE"
"9464549","FALSE"
"9658872","FALSE"
"9659919","FALSE"
"9843828","FALSE"
"9995314","FALSE"
"10128842","FALSE"
"10172252","FALSE"
"10188194","FALSE"
"10199826","FALSE"
"10260310","FALSE"
"10280298","FALSE"
"10281182","FALSE"
"10281816","FALSE"
"10425716","FALSE"
"10464490","FALSE"
"10520061","FALSE"
"10526188","FALSE"
"10819648","FALSE"
"10905378","FALSE"
"10936889","FALSE"
"10956038","FALSE"
"11001304","FALSE"
"11006951","FALSE"
"11034513","FALSE"
"11083412","FALSE"
"11120703","FALSE"
"11173957","FALSE"
"11175147","FALSE"
"11473240","FALSE"
"11537177","FALSE"
"11581362","FALSE"
"12059663","FALSE"
"12317433","FALSE"
"12402890","FALSE"
"12488104","FALSE"
"12509066","FALSE"
"12516628","FALSE"
"12582238","FALSE"
"12586102","FALSE"
"12622087","FALSE"
"12738012","FALSE"
"12967267","FALSE"
"13415499","FALSE"
"13430369","FALSE"
"13462180","FALSE"
"13537757","FALSE"
"13539138","FALSE"
"13541961","FALSE"
"13595364","FALSE"
"13603046","FALSE"
"13624635","FALSE"
"13636329","FALSE"
"13679102","FALSE"
"13680016","FALSE"
"13714859","FALSE"
"13719548","FALSE"
"13742311","FALSE"
"13747237","FALSE"
"13766624","FALSE"
"13822802","FALSE"
"13867933","FALSE"
"14057734","FALSE"
"14149638","FALSE"
"14179437","FALSE"
"14287549","FALSE"
"14310944","FALSE"
"14429281","FALSE"
"14466355","FALSE"
"14486832","FALSE"
"14505051","FALSE"
"14756103","FALSE"
"14773650","FALSE"
"14922006","FALSE"
"15082688","FALSE"
"15093986","FALSE"
"15134766","FALSE"
"15417633","FALSE"
"15426725","FALSE"
"15485606","FALSE"
"15563546","FALSE"
"15592045","FALSE"
"15708243","FALSE"
"15708458","FALSE"
"15759579","FALSE"
"15962985","FALSE"
"16195282","FALSE"
"16290623","FALSE"
"16363717","FALSE"
"16428381","FALSE"
"16569855","FALSE"
"16640920","FALSE"
"16792291","FALSE"
"17020688","FALSE"
"17059127","FALSE"
"17134485","FALSE"
"17143234","FALSE"
"17322266","FALSE"
"17328893","FALSE"
"17332041","FALSE"
"17466721","FALSE"
"17529102","FALSE"
"17646483","FALSE"
"17708574","FALSE"
"17830752","FALSE"
"17941398","FALSE"
"18006157","FALSE"
"18046266","FALSE"
"18199108","FALSE"
"18221297","FALSE"
"18260477","FALSE"
"18290070","FALSE"
"18395213","FALSE"
"18498547","FALSE"
"18719465","FALSE"
"18937463","FALSE"
"19018850","FALSE"
"19085523","FALSE"
"19147330","FALSE"
"19379132","FALSE"
"19517346","FALSE"
"19537063","FALSE"
"19936916","FALSE"
"20030610","FALSE"
"20064306","FALSE"
"20104020","FALSE"
"20349010","FALSE"
"20634755","FALSE"
"20654502","FALSE"
"20769533","FALSE"
"21034797","FALSE"
"21037532","FALSE"
"21125630","FALSE"
"21216818","FALSE"
"21378283","FALSE"
"21584862","FALSE"
"21640858","FALSE"
"21681863","FALSE"
"21975229","FALSE"
"22116372","FALSE"
"22167327","FALSE"
"22208853","FALSE"
"22211488","FALSE"
"22331562","FALSE"
"22513118","FALSE"
"22822302","FALSE"
"22823126","FALSE"
"22833631","FALSE"
"22984128","FALSE"
"23115673","FALSE"
"23961495","FALSE"
"24349402","FALSE"
"24431405","FALSE"
"24663283","FALSE"
"24834266","FALSE"
"25032410","FALSE"
"25040693","FALSE"
"25076502","FALSE"
"26276834","FALSE"
"26588971","FALSE"
"26753555","FALSE"
"26974218","FALSE"
"27051487","FALSE"
"27422150","FALSE"
"27434109","FALSE"
"27499427","FALSE"
"27536536","FALSE"
"27633284","FALSE"
"27740539","FALSE"
"27751995","FALSE"
"27777181","FALSE"
"27852169","FALSE"
"27980298","FALSE"
"28119927","FALSE"
"28139204","FALSE"
"28169699","FALSE"
"28178404","FALSE"
"28205753","FALSE"
"28357332","FALSE"
"28459924","FALSE"
"28475997","FALSE"
"28486256","FALSE"
"28510906","FALSE"
"28552779","FALSE"
"28581442","FALSE"
"28592646","FALSE"
"28717286","FALSE"
"28758106","FALSE"
"28851599","FALSE"
"28920533","FALSE"
"28923864","FALSE"
"29116788","FALSE"
