"`id`","`is_fork`"
"6","false"
"231","false"
"280","false"
"334","false"
"391","false"
"392","false"
"675","false"
"735","false"
"788","false"
"799","false"
"982","false"
"1022","false"
"1182","false"
"1207","false"
"1305","false"
"1615","false"
"1620","false"
"1742","false"
"1743","false"
"1799","false"
"1819","false"
"1962","false"
"1996","false"
"2146","false"
"2204","false"
"2727","false"
"2746","false"
"2864","false"
"3052","false"
"3386","false"
"3430","false"
"3457","false"
"3595","false"
"3623","false"
"3648","false"
"3751","false"
"3928","false"
"4003","false"
"4021","false"
"4068","false"
"4095","false"
"4267","false"
"4276","false"
"4281","false"
"4346","false"
"4432","false"
"4473","false"
"4654","false"
"4711","false"
"4846","false"
"4929","false"
"5124","false"
"5161","false"
"5184","false"
"5455","false"
"5478","false"
"5497","false"
"5626","false"
"5629","false"
"5874","false"
"6009","false"
"6053","false"
"6223","false"
"6313","false"
"6413","false"
"6848","false"
"6931","false"
"6978","false"
"7059","false"
"7149","false"
"7233","false"
"7317","false"
"7756","false"
"7836","false"
"7982","false"
"8127","false"
"8184","false"
"8304","false"
"8329","false"
"8390","false"
"8525","false"
"8566","false"
"8833","false"
"8892","false"
"9383","false"
"9682","false"
"9709","false"
"9713","false"
"9716","false"
"9951","false"
"10070","false"
"10197","false"
"10462","false"
"10512","false"
"10579","false"
"10594","false"
"10649","false"
"10686","false"
"10798","false"
"10912","false"
"11067","false"
"11435","false"
"11820","false"
"11902","false"
"12031","false"
"12257","false"
"12258","false"
"12830","false"
"12831","false"
"12885","false"
"13235","false"
"13436","false"
"13718","false"
"13747","false"
"13929","false"
"14061","false"
"14098","false"
"14622","false"
"14763","false"
"14952","false"
"15433","false"
"15728","false"
"15756","false"
"15762","false"
"16113","false"
"16376","false"
"16462","false"
"16639","false"
"16820","false"
"16836","false"
"17000","false"
"17165","false"
"17411","false"
"17730","false"
"17742","false"
"17798","false"
"18003","false"
"18045","false"
"18090","false"
"18250","false"
"18571","false"
"18601","false"
"18941","false"
"19019","false"
"19030","false"
"19375","false"
"19579","false"
"19615","false"
"19626","false"
"19640","false"
"19806","false"
"19996","false"
"20138","false"
"20678","false"
"21218","false"
"21274","false"
"21530","false"
"21621","false"
"22086","false"
"22321","false"
"22528","false"
"22551","false"
"22772","false"
"23085","false"
"23122","false"
"23238","false"
"23301","false"
"23429","false"
"23605","false"
"23670","false"
"23834","false"
"23888","false"
"24177","false"
"24213","false"
"24326","false"
"24522","false"
"24559","false"
"24603","false"
"24889","false"
"24960","false"
"25016","false"
"25359","false"
"25380","false"
"25986","false"
"26624","false"
"26636","false"
"26688","false"
"27046","false"
"27194","false"
"28009","false"
"28054","false"
"28069","false"
"28204","false"
"28556","false"
"28576","false"
"29172","false"
"29762","false"
"29914","false"
"29991","false"
"30402","false"
"30653","false"
"30738","false"
"30761","false"
"31283","false"
"31366","false"
"32023","false"
"32107","false"
"32638","false"
"33227","false"
"33565","false"
"34288","false"
"35473","false"
"36313","false"
"36413","false"
"36591","false"
"36713","false"
"37623","false"
"37778","false"
"38658","false"
"38744","false"
"39027","false"
"39044","false"
"39075","false"
"40389","false"
"41254","false"
"41498","false"
"41849","false"
"42214","false"
"42948","false"
"43969","false"
"45141","false"
"45669","false"
"45702","false"
"47940","false"
"48829","false"
"48951","false"
"49570","false"
"50875","false"
"53018","false"
"53286","false"
"54068","false"
"54351","false"
"54491","false"
"54745","false"
"54785","false"
"56374","false"
"58903","false"
"59582","false"
"59607","false"
"59830","false"
"61117","false"
"62093","false"
"64212","false"
"64390","false"
"64654","false"
"65772","false"
"69069","false"
"70499","false"
"74160","false"
"78782","false"
"79442","false"
"81444","false"
"82957","false"
"84341","false"
"85800","false"
"87135","false"
"87869","false"
"88390","false"
"90988","false"
"91363","false"
"94451","false"
"96553","false"
"96689","false"
"96763","false"
"98743","false"
"99731","false"
"102179","false"
"104483","false"
"106815","false"
"106864","false"
"107530","false"
"110992","false"
"112249","false"
"112262","false"
"112292","false"
"113880","false"
"114167","false"
"116162","false"
"118048","false"
"118551","false"
"119275","false"
"119977","false"
"120216","false"
"120707","false"
"122760","false"
"123356","false"
"124137","false"
"124505","false"
"126528","false"
"126778","false"
"131286","false"
"134290","false"
"136457","false"
"137246","false"
"141145","false"
"141261","false"
"142406","false"
"146205","false"
"149332","false"
"150716","false"
"153822","false"
"154114","false"
"156773","false"
"158753","false"
"159999","false"
"164085","false"
"166720","false"
"167194","false"
"167303","false"
"167985","false"
"169454","false"
"169529","false"
"176492","false"
"176596","false"
"180685","false"
"181526","false"
"182702","false"
"185861","false"
"201672","false"
"204692","false"
"205834","false"
"206270","false"
"207212","false"
"209924","false"
"214505","false"
"214552","false"
"216447","false"
"219601","false"
"220953","false"
"222916","false"
"223537","false"
"224435","false"
"231026","false"
"233193","false"
"238698","false"
"242564","false"
"243431","false"
"244129","false"
"244417","false"
"246730","false"
"255320","false"
"260066","false"
"262948","false"
"263107","false"
"267105","false"
"267717","false"
"276344","false"
"280617","false"
"284018","false"
"284075","false"
"285798","false"
"306833","false"
"306908","false"
"307612","false"
"309661","false"
"311780","false"
"313268","false"
"319466","false"
"321869","false"
"323565","false"
"326476","false"
"328815","false"
"335881","false"
"337343","false"
"338816","false"
"343698","false"
"344063","false"
"348868","false"
"357887","false"
"362053","false"
"362894","false"
"363605","false"
"366402","false"
"374916","false"
"383256","false"
"386790","false"
"414089","false"
"419651","false"
"422791","false"
"427496","false"
"427934","false"
"440795","false"
"445199","false"
"450059","false"
"450328","false"
"454235","false"
"460773","false"
"497181","false"
"499056","false"
"519333","false"
"543497","false"
"546329","false"
"569534","false"
"572040","false"
"576260","false"
"579759","false"
"601064","false"
"603530","false"
"615055","false"
"640609","false"
"643697","false"
"651549","false"
"652682","false"
"673716","false"
"677148","false"
"683351","false"
"686542","false"
"696102","false"
"705818","false"
"719340","false"
"723307","false"
"724361","false"
"726806","false"
"738430","false"
"742622","false"
"743378","false"
"748510","false"
"771049","false"
"772395","false"
"773433","false"
"788950","false"
"811373","false"
"811401","false"
"812923","false"
"839143","false"
"843214","false"
"856494","false"
"870927","false"
"911527","false"
"927777","false"
"979207","false"
"1001578","false"
"1008365","false"
"1011413","false"
"1015480","false"
"1017307","false"
"1025135","false"
"1027466","false"
"1031791","false"
"1036996","false"
"1059797","false"
"1083125","false"
"1084208","false"
"1093294","false"
"1100704","false"
"1117036","false"
"1124381","false"
"1195142","false"
"1214622","false"
"1228020","false"
"1242075","false"
"1261926","false"
"1270737","false"
"1328973","false"
"1344179","false"
"1352199","false"
"1354419","false"
"1366256","false"
"1367068","false"
"1367228","false"
"1372746","false"
"1381021","false"
"1382032","false"
"1391701","false"
"1397125","false"
"1397723","false"
"1404659","false"
"1412018","false"
"1414836","false"
"1416473","false"
"1432150","false"
"1434458","false"
"1436875","false"
"1437288","false"
"1438441","false"
"1449551","false"
"1453441","false"
"1457727","false"
"1471234","false"
"1471568","false"
"1474764","false"
"1486549","false"
"1492346","false"
"1500447","false"
"1524373","false"
"1526024","false"
"1528221","false"
"1545229","false"
"1546988","false"
"1600439","false"
"1607018","false"
"1619676","false"
"1690743","false"
"1698522","false"
"1713442","false"
"1749436","false"
"1764042","false"
"1778841","false"
"1819251","false"
"1838125","false"
"1852141","false"
"1891776","false"
"1892389","false"
"1893164","false"
"1900934","false"
"1904790","false"
"1916255","false"
"1918558","false"
"1927874","false"
"1927881","false"
"1949584","false"
"1961397","false"
"1964893","false"
"1965404","false"
"1989790","false"
"1991636","false"
"2001763","false"
"2145058","false"
"2146436","false"
"2201979","false"
"2206890","false"
"2207463","false"
"2213273","false"
"2229635","false"
"2241376","false"
"2244312","false"
"2244481","false"
"2246039","false"
"2249262","false"
"2250690","false"
"2252680","false"
"2255699","false"
"2257096","false"
"2257240","false"
"2266052","false"
"2281243","false"
"2281819","false"
"2294498","false"
"2312008","false"
"2315431","false"
"2337743","false"
"2340614","false"
"2345204","false"
"2363619","false"
"2363758","false"
"2372421","false"
"2375290","false"
"2381629","false"
"2381679","false"
"2389915","false"
"2404370","false"
"2409137","false"
"2417208","false"
"2421460","false"
"2422498","false"
"2434520","false"
"2445228","false"
"2447212","false"
"2467228","false"
"2476937","false"
"2480777","false"
"2513836","false"
"2535892","false"
"2601235","false"
"2624458","false"
"2660015","false"
"2661903","false"
"2662867","false"
"2702530","false"
"2709309","false"
"2719572","false"
"2728868","false"
"2749609","false"
"2752178","false"
"2768008","false"
"2771181","false"
"2787691","false"
"2796362","false"
"2798946","false"
"2801361","false"
"2807863","false"
"2814268","false"
"2835325","false"
"2847808","false"
"2862294","false"
"2862977","false"
"2873371","false"
"2874293","false"
"2875658","false"
"2886485","false"
"2889040","false"
"2909754","false"
"2922319","false"
"2922620","false"
"2923558","false"
"2940997","false"
"2945321","false"
"2978560","false"
"2987164","false"
"3004769","false"
"3018979","false"
"3036595","false"
"3036835","false"
"3063823","false"
"3063870","false"
"3067095","false"
"3095960","false"
"3117680","false"
"3122758","false"
"3136825","false"
"3168742","false"
"3173347","false"
"3180895","false"
"3201792","false"
"3205751","false"
"3213902","false"
"3231556","false"
"3236423","false"
"3250844","false"
"3276139","false"
"3283518","false"
"3286419","false"
"3287419","false"
"3290625","false"
"3296518","false"
"3321949","false"
"3346024","false"
"3361740","false"
"3368849","false"
"3389811","false"
"3413879","false"
"3427780","false"
"3429645","false"
"3434493","false"
"3462816","false"
"3465213","false"
"3499917","false"
"3513117","false"
"3523460","false"
"3524332","false"
"3529137","false"
"3549651","false"
"3582345","false"
"3592410","false"
"3594572","false"
"3610783","false"
"3631888","false"
"3641172","false"
"3642978","false"
"3649472","false"
"3664437","false"
"3669790","false"
"3683487","false"
"3706501","false"
"3708910","false"
"3714509","false"
"3716978","false"
"3752385","false"
"3756185","false"
"3759006","false"
"3769056","false"
"3770464","false"
"3807912","false"
"3814424","false"
"3827244","false"
"3863843","false"
"3872943","false"
"3874746","false"
"3893356","false"
"3905191","false"
"3908715","false"
"3961217","false"
"3983276","false"
"3992573","false"
"3997006","false"
"4003838","false"
"4019026","false"
"4026408","false"
"4030767","false"
"4035765","false"
"4045632","false"
"4058558","false"
"4069483","false"
"4115240","false"
"4120130","false"
"4136027","false"
"4142580","false"
"4160390","false"
"4187118","false"
"4192518","false"
"4198417","false"
"4255397","false"
"4291112","false"
"4326459","false"
"4342100","false"
"4428725","false"
"4467262","false"
"4476638","false"
"4477515","false"
"4484156","false"
"4513783","false"
"4539094","false"
"4540322","false"
"4563307","false"
"4563494","false"
"4569976","false"
"4584491","false"
"4588007","false"
"4605271","false"
"4607985","false"
"4629745","false"
"4646758","false"
"4660569","false"
"4663721","false"
"4695209","false"
"4722740","false"
"4753416","false"
"4773093","false"
"4776433","false"
"4780077","false"
"4786655","false"
"4819374","false"
"4877698","false"
"4879481","false"
"4882831","false"
"4894767","false"
"4903941","false"
"4904730","false"
"4911527","false"
"4926223","false"
"4933925","false"
"4963729","false"
"4988377","false"
"4992188","false"
"4993581","false"
"5041761","false"
"5042362","false"
"5074778","false"
"5078978","false"
"5095078","false"
"5140545","false"
"5145060","false"
"5146456","false"
"5152250","false"
"5195927","false"
"5205541","false"
"5216745","false"
"5247954","false"
"5312058","false"
"5350409","false"
"5368058","false"
"5371237","false"
"5377260","false"
"5399390","false"
"5411876","false"
"5428457","false"
"5430540","false"
"5472160","false"
"5507363","false"
"5522468","false"
"5534759","false"
"5552730","false"
"5555823","false"
"5565375","false"
"5568720","false"
"5593627","false"
"5597614","false"
"5598479","false"
"5600557","false"
"5602838","false"
"5604899","false"
"5617024","false"
"5630665","false"
"5636078","false"
"5718353","false"
"5731028","false"
"5741726","false"
"5778983","false"
"5784154","false"
"5807266","false"
"5817753","false"
"5828347","false"
"5829099","false"
"5846748","false"
"5927767","false"
"5942149","false"
"5944667","false"
"5979563","false"
"5989485","false"
"6065511","false"
"6068879","false"
"6085795","false"
"6087555","false"
"6095575","false"
"6096676","false"
"6108651","false"
"6169171","false"
"6172020","false"
"6191402","false"
"6196408","false"
"6210932","false"
"6225214","false"
"6236268","false"
"6239513","false"
"6253776","false"
"6278048","false"
"6278863","false"
"6280726","false"
"6299920","false"
"6307815","false"
"6312005","false"
"6318240","false"
"6328765","false"
"6399055","false"
"6403871","false"
"6404061","false"
"6441856","false"
"6442229","false"
"6451691","false"
"6457494","false"
"6462793","false"
"6476825","false"
"6496393","false"
"6505671","false"
"6533556","false"
"6571469","false"
"6587692","false"
"6611850","false"
"6653643","false"
"6699074","false"
"6704373","false"
"6712024","false"
"6753616","false"
"6800846","false"
"6816151","false"
"6843683","false"
"6853230","false"
"6861499","false"
"6882788","false"
"6916565","false"
"6962535","false"
"6965555","false"
"6965574","false"
"6970257","false"
"6988298","false"
"6988998","false"
"7001356","false"
"7013556","false"
"7019686","false"
"7075652","false"
"7105340","false"
"7113913","false"
"7132386","false"
"7146853","false"
"7147408","false"
"7158417","false"
"7164842","false"
"7170693","false"
"7189065","false"
"7190023","false"
"7198962","false"
"7212462","false"
"7215130","false"
"7222746","false"
"7228519","false"
"7240106","false"
"7249970","false"
"7260288","false"
"7266288","false"
"7294438","false"
"7304063","false"
"7305150","false"
"7306369","false"
"7306673","false"
"7308213","false"
"7326980","false"
"7344511","false"
"7361572","false"
"7383416","false"
"7412153","false"
"7420900","false"
"7432562","false"
"7461031","false"
"7489584","false"
"7504851","false"
"7556976","false"
"7570729","false"
"7607012","false"
"7617634","false"
"7623896","false"
"7645899","false"
"7654253","false"
"7666955","false"
"7722836","false"
"7732133","false"
"7738640","false"
"7751311","false"
"7753732","false"
"7769665","false"
"7810452","false"
"7811703","false"
"7835118","false"
"7846270","false"
"7883108","false"
"7883561","false"
"7924929","false"
"7940296","false"
"7952993","false"
"7980702","false"
"8012811","false"
"8017772","false"
"8091268","false"
"8117762","false"
"8117944","false"
"8125526","false"
"8137228","false"
"8142691","false"
"8169424","false"
"8228397","false"
"8270641","false"
"8296041","false"
"8339162","false"
"8339915","false"
"8346508","false"
"8387817","false"
"8390641","false"
"8404580","false"
"8405131","false"
"8427119","false"
"8485455","false"
"8532385","false"
"8532554","false"
"8566806","false"
"8576259","false"
"8596480","false"
"8634501","false"
"8688328","false"
"8734343","false"
"8742938","false"
"8769923","false"
"8772689","false"
"8776028","false"
"8784767","false"
"8789813","false"
"8818018","false"
"8837968","false"
"8847632","false"
"8854423","false"
"8875437","false"
"8875464","false"
"8905797","false"
"8906917","false"
"8913435","false"
"8939716","false"
"8984199","false"
"9026379","false"
"9051214","false"
"9078570","false"
"9121894","false"
"9139436","false"
"9152395","false"
"9160279","false"
"9232309","false"
"9240557","false"
"9268752","false"
"9282939","false"
"9343717","false"
"9344074","false"
"9352549","false"
"9380376","false"
"9382176","false"
"9392393","false"
"9394397","false"
"9400432","false"
"9464549","false"
"9468307","false"
"9478333","false"
"9504109","false"
"9511165","false"
"9540082","false"
"9570005","false"
"9597076","false"
"9600790","false"
"9626183","false"
"9650960","false"
"9658872","false"
"9659919","false"
"9687174","false"
"9701410","false"
"9701695","false"
"9703605","false"
"9704915","false"
"9706049","false"
"9709068","false"
"9709116","false"
"9717218","false"
"9726637","false"
"9727940","false"
"9745677","false"
"9755937","false"
"9777067","false"
"9814221","false"
"9843828","false"
"9862004","false"
"9865676","false"
"9866862","false"
"9877090","false"
"9893161","false"
"9895007","false"
"9906217","false"
"9908329","false"
"9912292","false"
"9930325","false"
"9931815","false"
"9961002","false"
"9975034","false"
"9982219","false"
"9983686","false"
"9995314","false"
"10053600","false"
"10066441","false"
"10084609","false"
"10084678","false"
"10123492","false"
"10125352","false"
"10128842","false"
"10138664","false"
"10172252","false"
"10172529","false"
"10188194","false"
"10192555","false"
"10196307","false"
"10199826","false"
"10233169","false"
"10258995","false"
"10260310","false"
"10260382","false"
"10280298","false"
"10281182","false"
"10281816","false"
"10282819","false"
"10296656","false"
"10301817","false"
"10358518","false"
"10377821","false"
"10379711","false"
"10388177","false"
"10396798","false"
"10410843","false"
"10412281","false"
"10425716","false"
"10432015","false"
"10435441","false"
"10435922","false"
"10447564","false"
"10451754","false"
"10464490","false"
"10473430","false"
"10512042","false"
"10520061","false"
"10521722","false"
"10526188","false"
"10528918","false"
"10541844","false"
"10548198","false"
"10555368","false"
"10574931","false"
"10576004","false"
"10585250","false"
"10589306","false"
"10631290","false"
"10660095","false"
"10733538","false"
"10741429","false"
"10752463","false"
"10773454","false"
"10777706","false"
"10784470","false"
"10803994","false"
"10812016","false"
"10814377","false"
"10815238","false"
"10817458","false"
"10819648","false"
"10829089","false"
"10829314","false"
"10832091","false"
"10832897","false"
"10832960","false"
"10834528","false"
"10854850","false"
"10859865","false"
"10905378","false"
"10910878","false"
"10936889","false"
"10947458","false"
"10953007","false"
"10955983","false"
"10956038","false"
"10956567","false"
"10963081","false"
"10964976","false"
"11001304","false"
"11006951","false"
"11026907","false"
"11034513","false"
"11061859","false"
"11066875","false"
"11080800","false"
"11083412","false"
"11095632","false"
"11107988","false"
"11120703","false"
"11127510","false"
"11132347","false"
"11144636","false"
"11165808","false"
"11173957","false"
"11175147","false"
"11176827","false"
"11182376","false"
"11183490","false"
"11197300","false"
"11212499","false"
"11227723","false"
"11228451","false"
"11238565","false"
"11265367","false"
"11291526","false"
"11297052","false"
"11318999","false"
"11323491","false"
"11338993","false"
"11348682","false"
"11362536","false"
"11402707","false"
"11453235","false"
"11467831","false"
"11473240","false"
"11474560","false"
"11494393","false"
"11512622","false"
"11554847","false"
"11570176","false"
"11581362","false"
"11588385","false"
"11605642","false"
"11622535","false"
"11625417","false"
"11662013","false"
"11668604","false"
"11680693","false"
"11702237","false"
"11704557","false"
"11706023","false"
"11707880","false"
"11720517","false"
"11733127","false"
"11735060","false"
"11737051","false"
"11744765","false"
"11746264","false"
"11753236","false"
"11761587","false"
"11784159","false"
"11785544","false"
"11797084","false"
"11802012","false"
"11817714","false"
"11850935","false"
"11854803","false"
"11912097","false"
"11924541","false"
"12059663","false"
"12092942","false"
"12170217","false"
"12192051","false"
"12197208","false"
"12226983","false"
"12229395","false"
"12260707","false"
"12262320","false"
"12274903","false"
"12308151","false"
"12313618","false"
"12315617","false"
"12316998","false"
"12317433","false"
"12326365","false"
"12350238","false"
"12398542","false"
"12402890","false"
"12449377","false"
"12474524","false"
"12488104","false"
"12508484","false"
"12509066","false"
"12520304","false"
"12526520","false"
"12582238","false"
"12586102","false"
"12589909","false"
"12622087","false"
"12630000","false"
"12653317","false"
"12666384","false"
"12670029","false"
"12682828","false"
"12682853","false"
"12715530","false"
"12719568","false"
"12746037","false"
"12749140","false"
"12761803","false"
"12798077","false"
"12806676","false"
"12807650","false"
"12814859","false"
"12821674","false"
"12861561","false"
"12878383","false"
"12908987","false"
"12967267","false"
"13061306","false"
"13082203","false"
"13095216","false"
"13097260","false"
"13128433","false"
"13155583","false"
"13334964","false"
"13368782","false"
"13393204","false"
"13398866","false"
"13403042","false"
"13415499","false"
"13430369","false"
"13454056","false"
"13462180","false"
"13464028","false"
"13480659","false"
"13481226","false"
"13489032","false"
"13490952","false"
"13494877","false"
"13509074","false"
"13520780","false"
"13536812","false"
"13537757","false"
"13539138","false"
"13541961","false"
"13544235","false"
"13570263","false"
"13585659","false"
"13593152","false"
"13595364","false"
"13603046","false"
"13613053","false"
"13615253","false"
"13621454","false"
"13624635","false"
"13635889","false"
"13636329","false"
"13636760","false"
"13636819","false"
"13640327","false"
"13642463","false"
"13655055","false"
"13664602","false"
"13679102","false"
"13680016","false"
"13685691","false"
"13714859","false"
"13719308","false"
"13719548","false"
"13735930","false"
"13737011","false"
"13740270","false"
"13742311","false"
"13747237","false"
"13747894","false"
"13759969","false"
"13766624","false"
"13778815","false"
"13808342","false"
"13822802","false"
"13837159","false"
"13865588","false"
"13867933","false"
"13964115","false"
"14000694","false"
"14027141","false"
"14057734","false"
"14101318","false"
"14116012","false"
"14149638","false"
"14179437","false"
"14210902","false"
"14215488","false"
"14263163","false"
"14286406","false"
"14287549","false"
"14328878","false"
"14429281","false"
"14435272","false"
"14457963","false"
"14466355","false"
"14486832","false"
"14505051","false"
"14515342","false"
"14543063","false"
"14627410","false"
"14682420","false"
"14698825","false"
"14737226","false"
"14756103","false"
"14771481","false"
"14773650","false"
"14782669","false"
"14806250","false"
"14847736","false"
"14848865","false"
"14880605","false"
"14897153","false"
"14910241","false"
"14957066","false"
"14959628","false"
"14989257","false"
"14995115","false"
"15017277","false"
"15022227","false"
"15080529","false"
"15082688","false"
"15093986","false"
"15125364","false"
"15134766","false"
"15195328","false"
"15205203","false"
"15205847","false"
"15228302","false"
"15239162","false"
"15246185","false"
"15252261","false"
"15285403","false"
"15363005","false"
"15384846","false"
"15417633","false"
"15426725","false"
"15471020","false"
"15485606","false"
"15500909","false"
"15525750","false"
"15531805","false"
"15536213","false"
"15536505","false"
"15548976","false"
"15573016","false"
"15592045","false"
"15623292","false"
"15627284","false"
"15646653","false"
"15669545","false"
"15676204","false"
"15708243","false"
"15710174","false"
"15718946","false"
"15759579","false"
"15778405","false"
"15794603","false"
"15867274","false"
"15915198","false"
"15962985","false"
"16020916","false"
"16030648","false"
"16154948","false"
"16174927","false"
"16195282","false"
"16219560","false"
"16224803","false"
"16230400","false"
"16290623","false"
"16310355","false"
"16363717","false"
"16409333","false"
"16423884","false"
"16428381","false"
"16534152","false"
"16550843","false"
"16569855","false"
"16622735","false"
"16640920","false"
"16647116","false"
"16691009","false"
"16717734","false"
"16730686","false"
"16733587","false"
"16741757","false"
"16770502","false"
"16782015","false"
"16792291","false"
"16798228","false"
"16834666","false"
"16837900","false"
"16846494","false"
"16988042","false"
"16988139","false"
"17020688","false"
"17021738","false"
"17038695","false"
"17059127","false"
"17070556","false"
"17081302","false"
"17134485","false"
"17143234","false"
"17169141","false"
"17193964","false"
"17273246","false"
"17296591","false"
"17322266","false"
"17328893","false"
"17332041","false"
"17392942","false"
"17466721","false"
"17472048","false"
"17479978","false"
"17532093","false"
"17539972","false"
"17593904","false"
"17629210","false"
"17646483","false"
"17648544","false"
"17664209","false"
"17708574","false"
"17753126","false"
"17784660","false"
"17785086","false"
"17830752","false"
"17865733","false"
"17867788","false"
"17879187","false"
"17924077","false"
"17941398","false"
"17982139","false"
"18006157","false"
"18013712","false"
"18022219","false"
"18028838","false"
"18029648","false"
"18035907","false"
"18046266","false"
"18054793","false"
"18059452","false"
"18059812","false"
"18097224","false"
"18129978","false"
"18221297","false"
"18236982","false"
"18257960","false"
"18258297","false"
"18260477","false"
"18272904","false"
"18290070","false"
"18313948","false"
"18355741","false"
"18395213","false"
"18415473","false"
"18429672","false"
"18461617","false"
"18498547","false"
"18552022","false"
"18623771","false"
"18655199","false"
"18674058","false"
"18719465","false"
"18781956","false"
"18790667","false"
"18810686","false"
"18821370","false"
"18847237","false"
"18869596","false"
"18903735","false"
"18904813","false"
"18937463","false"
"18993586","false"
"19010386","false"
"19018850","false"
"19047987","false"
"19085523","false"
"19122404","false"
"19153219","false"
"19185130","false"
"19320997","false"
"19329970","false"
"19517346","false"
"19525779","false"
"19537063","false"
"19569279","false"
"19581764","false"
"19594347","false"
"19612571","false"
"19641501","false"
"19644716","false"
"19685186","false"
"19696936","false"
"19710500","false"
"19717550","false"
"19755185","false"
"19761685","false"
"19790971","false"
"19936916","false"
"20029138","false"
"20029706","false"
"20030610","false"
"20064306","false"
"20104020","false"
"20138487","false"
"20163538","false"
"20224741","false"
"20285835","false"
"20390809","false"
"20398795","false"
"20425918","false"
"20435182","false"
"20450716","false"
"20450796","false"
"20465270","false"
"20532547","false"
"20634755","false"
"20647545","false"
"20654502","false"
"20660971","false"
"20666664","false"
"20682630","false"
"20737229","false"
"20752407","false"
"20769533","false"
"20835622","false"
"20844574","false"
"20873386","false"
"20955762","false"
"21037532","false"
"21044484","false"
"21058198","false"
"21065369","false"
"21125630","false"
"21174695","false"
"21187110","false"
"21191867","false"
"21216818","false"
"21312489","false"
"21358389","false"
"21378283","false"
"21584862","false"
"21603107","false"
"21618029","false"
"21629316","false"
"21640858","false"
"21681863","false"
"21700832","false"
"21719074","false"
"21770593","false"
"21784371","false"
"21864762","false"
"21908633","false"
"21909651","false"
"21921763","false"
"21924858","false"
"21971963","false"
"21974766","false"
"21975229","false"
"22041659","false"
"22042237","false"
"22045114","false"
"22046894","false"
"22047350","false"
"22050640","false"
"22052042","false"
"22053634","false"
"22053762","false"
"22054830","false"
"22056425","false"
"22056630","false"
"22076087","false"
"22076833","false"
"22077026","false"
"22084327","false"
"22085827","false"
"22095887","false"
"22105376","false"
"22110826","false"
"22116372","false"
"22123631","false"
"22141768","false"
"22167327","false"
"22187814","false"
"22208853","false"
"22236354","false"
"22278515","false"
"22282240","false"
"22331562","false"
"22402010","false"
"22513118","false"
"22822302","false"
"22823126","false"
"22833631","false"
"22946554","false"
"23114966","false"
"23249012","false"
"23428045","false"
"23458675","false"
"23471356","false"
"23537807","false"
"23600597","false"
"23620520","false"
"23775197","false"
"23918553","false"
"23924596","false"
"23961495","false"
"23964055","false"
"24094301","false"
"24136448","false"
"24177440","false"
"24240637","false"
"24265177","false"
"24272262","false"
"24283325","false"
"24349402","false"
"24431405","false"
"24491126","false"
"24495953","false"
"24498221","false"
"24540619","false"
"24568290","false"
"24618268","false"
"24663283","false"
"24729237","false"
"24834266","false"
"24899862","false"
"24908811","false"
"24919055","false"
"24938003","false"
"25004073","false"
"25032410","false"
"25037257","false"
"25037627","false"
"25040693","false"
"25045443","false"
"25051824","false"
"25070656","false"
"25076502","false"
"25256022","false"
"25256938","false"
"25395643","false"
"25440413","false"
"25545538","false"
"25672260","false"
"25830758","false"
"25858715","false"
"25954906","false"
"25977484","false"
"26091726","false"
"26108120","false"
"26119533","false"
"26276834","false"
"26341053","false"
"26392840","false"
"26459676","false"
"26550795","false"
"26674333","false"
"26753555","false"
"26783304","false"
"26936537","false"
"26961388","false"
"26965543","false"
"26974218","false"
"27051487","false"
"27147563","false"
"27232955","false"
"27299735","false"
"27326987","false"
"27345935","false"
"27375757","false"
"27406305","false"
"27406826","false"
"27422150","false"
"27434109","false"
"27469596","false"
"27496559","false"
"27499427","false"
"27536536","false"
"27623476","false"
"27633284","false"
"27671937","false"
"27676276","false"
"27740539","false"
"27751995","false"
"27777181","false"
"27852169","false"
"27859042","false"
"27881432","false"
"27955513","false"
"27977354","false"
"27980298","false"
"28033868","false"
"28085151","false"
"28117425","false"
"28119927","false"
"28139204","false"
"28153902","false"
"28169699","false"
"28178404","false"
"28205753","false"
"28317607","false"
"28338390","false"
"28357332","false"
"28376284","false"
"28401052","false"
"28459924","false"
"28475997","false"
"28486256","false"
"28510906","false"
"28552779","false"
"28581442","false"
"28592646","false"
"28625357","false"
"28690670","false"
"28717286","false"
"28754602","false"
"28758106","false"
"28851599","false"
"28920533","false"
"28923864","false"
"28947710","false"
"28992266","false"
"29023113","false"
"29116788","false"
"9259","true"
"33656","true"
"55259","true"
"58642","true"
"100266","true"
"114751","true"
"189681","true"
"198069","true"
"303616","true"
"410586","true"
"455467","true"
"718118","true"
"750986","true"
"784448","true"
"804708","true"
"1009716","true"
"1078185","true"
"1080519","true"
"1084793","true"
"1098117","true"
"1099822","true"
"1186739","true"
"1189471","true"
"1248826","true"
"1303073","true"
"1799111","true"
"1886159","true"
"1890840","true"
"1903462","true"
"1977847","true"
"2020393","true"
"2051124","true"
"2365356","true"
"2572814","true"
"2739871","true"
"3040840","true"
"3048906","true"
"3119886","true"
"3163883","true"
"3224446","true"
"3308302","true"
"3370838","true"
"3407626","true"
"3487382","true"
"3498338","true"
"3600377","true"
"3659421","true"
"3877884","true"
"3943403","true"
"4052435","true"
"4092676","true"
"4291254","true"
"4339243","true"
"4420524","true"
"4583981","true"
"4680920","true"
"4682471","true"
"4731748","true"
"4739172","true"
"4775481","true"
"4809226","true"
"4896516","true"
"4899910","true"
"4929815","true"
"5069439","true"
"5103160","true"
"5120709","true"
"5304081","true"
"5322239","true"
"5379586","true"
"5384527","true"
"5398997","true"
"5427047","true"
"5435325","true"
"5439720","true"
"5441485","true"
"5481554","true"
"5548430","true"
"5573155","true"
"5798893","true"
"5812279","true"
"6005713","true"
"6013073","true"
"6023112","true"
"6126544","true"
"6412773","true"
"6498079","true"
"6499244","true"
"6610198","true"
"6744736","true"
"7089559","true"
"7182205","true"
"7199692","true"
"7258997","true"
"7259889","true"
"7276482","true"
"7537997","true"
"7553911","true"
"7658667","true"
"7808122","true"
"7890973","true"
"7990763","true"
"8162617","true"
"8170478","true"
"8194675","true"
"8313244","true"
"8416517","true"
"8450572","true"
"8475145","true"
"8515356","true"
"8670482","true"
"8732866","true"
"8758294","true"
"8817056","true"
"8944249","true"
"9041360","true"
"9062615","true"
"9095732","true"
"9245754","true"
"9255018","true"
"9346606","true"
"9356105","true"
"9358405","true"
"9589511","true"
"9599053","true"
"9664486","true"
"9677139","true"
"9817959","true"
"10060643","true"
"10732476","true"
"11072255","true"
"11139593","true"
"11384611","true"
"11537177","true"
"11698195","true"
"12280393","true"
"12505449","true"
"12516628","true"
"12738012","true"
"12740796","true"
"12998527","true"
"13071706","true"
"13126326","true"
"13413696","true"
"13523497","true"
"13602488","true"
"13678610","true"
"13978039","true"
"14310944","true"
"14545279","true"
"14666817","true"
"14846150","true"
"14914675","true"
"14922006","true"
"15393494","true"
"15509641","true"
"15563546","true"
"15612970","true"
"15708458","true"
"15729314","true"
"15743643","true"
"15753913","true"
"15793721","true"
"15956179","true"
"15998060","true"
"16077481","true"
"16116800","true"
"16307010","true"
"16415741","true"
"16611808","true"
"16638704","true"
"16723951","true"
"16754990","true"
"16904075","true"
"16949824","true"
"17009322","true"
"17036156","true"
"17139019","true"
"17251459","true"
"17373284","true"
"17466008","true"
"17529102","true"
"17746668","true"
"17840201","true"
"17921081","true"
"17922358","true"
"17964103","true"
"17982701","true"
"18026805","true"
"18199108","true"
"18418200","true"
"18469788","true"
"18507554","true"
"18513548","true"
"18646362","true"
"18714651","true"
"18822502","true"
"19099635","true"
"19147330","true"
"19314846","true"
"19379132","true"
"19552315","true"
"19600642","true"
"19630614","true"
"19637265","true"
"19664730","true"
"19689982","true"
"19755702","true"
"19758699","true"
"19820804","true"
"19823479","true"
"19943063","true"
"20008478","true"
"20226295","true"
"20265215","true"
"20311740","true"
"20349010","true"
"20378057","true"
"20410311","true"
"20434473","true"
"20508542","true"
"20532667","true"
"20637830","true"
"20680088","true"
"20754312","true"
"20774253","true"
"20925694","true"
"20935792","true"
"21034797","true"
"21341462","true"
"21448026","true"
"21582674","true"
"21667956","true"
"21963930","true"
"22036307","true"
"22211488","true"
"22984128","true"
"23115673","true"
"23465223","true"
"23769369","true"
"24900752","true"
"25650073","true"
"25944077","true"
"26112145","true"
"26588971","true"
"26873823","true"
"27306008","true"
"27428481","true"
"27501293","true"
"27530962","true"
"27533386","true"
"27681681","true"
"27747720","true"
"28405382","true"
"28952769","true"
