`id`,`language`
6,C++
231,Ruby
280,JavaScript
334,JavaScript
391,PHP
392,JavaScript
675,JavaScript
735,JavaScript
788,C
799,C
982,JavaScript
1022,Objective-C
1182,Scala
1207,PHP
1305,Objective-C
1620,Perl
1742,JavaScript
1743,Python
1799,Python
1819,PHP
1962,JavaScript
1996,Objective-C
2146,Python
2727,JavaScript
2746,JavaScript
2864,Scala
3052,C
3386,Emacs Lisp
3430,JavaScript
3457,C++
3595,JavaScript
3623,Ruby
3648,Matlab
3751,Java
3928,JavaScript
4003,C
4021,Erlang
4068,Ruby
4095,Java
4267,PHP
4276,PHP
4281,Clojure
4346,Objective-C
4432,JavaScript
4473,Ruby
4654,Ruby
4711,CoffeeScript
4846,JavaScript
4929,Java
5124,C#
5161,JavaScript
5184,Python
5455,Python
5478,JavaScript
5497,VimL
5626,Python
5629,Python
5874,Java
6009,Perl
6053,CoffeeScript
6223,Python
6313,JavaScript
6413,Java
6848,Ruby
6931,C#
6978,JavaScript
7059,CoffeeScript
7149,JavaScript
7233,JavaScript
7317,Java
7756,JavaScript
7836,Java
7982,JavaScript
8127,Python
8184,VimL
8304,Java
8329,Objective-C
8390,C
8525,JavaScript
8566,Go
8833,Python
8892,Java
9259,Ruby
9383,Perl
9682,JavaScript
9709,JavaScript
9713,Clojure
9716,JavaScript
9951,JavaScript
10070,C++
10197,JavaScript
10462,Python
10512,Objective-C
10579,Objective-C
10594,Java
10649,JavaScript
10686,Ruby
10912,C
11067,Clojure
11435,C#
11820,Python
11902,PHP
12031,Ruby
12257,Emacs Lisp
12258,Ruby
12830,Shell
12831,Python
12885,Ruby
13235,JavaScript
13436,Python
13718,Java
13747,JavaScript
13929,VimL
14061,JavaScript
14098,C
14622,C
14763,JavaScript
14952,JavaScript
15433,Shell
15728,Shell
15756,Ruby
15762,PHP
16113,Objective-C
16376,JavaScript
16462,Ruby
16639,Ruby
16820,JavaScript
16836,Objective-C
17000,Python
17165,Shell
17730,VimL
17742,C++
17798,Objective-C
18003,Python
18045,JavaScript
18090,PHP
18250,JavaScript
18571,Ruby
18601,JavaScript
19019,Python
19030,C
19375,Python
19615,JavaScript
19626,C
19640,JavaScript
19806,JavaScript
20138,Objective-C
20678,C
21218,JavaScript
21274,Shell
21530,Ruby
21621,PHP
22086,JavaScript
22528,Ruby
22551,Python
22772,Ruby
23085,JavaScript
23122,Objective-C
23238,Shell
23301,Shell
23429,JavaScript
23605,JavaScript
23670,C
23834,Ruby
23888,Java
24177,Python
24213,C
24326,JavaScript
24522,PHP
24559,Haskell
24603,C
24889,Ruby
24960,JavaScript
25016,JavaScript
25359,Python
25380,JavaScript
25986,JavaScript
26624,Python
26636,Java
26688,Python
27046,JavaScript
27194,C
28009,JavaScript
28054,JavaScript
28069,Ruby
28204,Python
28556,JavaScript
28576,PHP
29172,JavaScript
29762,JavaScript
29914,Ruby
29991,Clojure
30402,Shell
30653,JavaScript
30738,Python
30761,PHP
31283,JavaScript
31366,Java
32023,Java
32107,JavaScript
32638,Ruby
33227,JavaScript
33565,Ruby
33656,Erlang
34288,JavaScript
35473,Ruby
36313,JavaScript
36413,Ruby
36591,HaXe
36713,JavaScript
37623,JavaScript
37778,JavaScript
38658,JavaScript
38744,C++
39027,Ruby
39044,Python
39075,C++
40389,Ruby
41254,JavaScript
41498,Ruby
41849,JavaScript
42214,C
42948,Java
43969,JavaScript
45141,C
45702,C
47940,C
48829,Perl
48951,C++
49570,Python
50875,Python
53018,C#
53286,Haskell
54068,Python
54351,Ruby
54491,JavaScript
54745,Python
54785,Perl
56374,PHP
58642,Python
58903,VimL
59607,JavaScript
59830,Python
61117,JavaScript
62093,JavaScript
64212,Python
64390,JavaScript
64654,PHP
65772,Objective-C
69069,VimL
70499,VimL
78782,CoffeeScript
79442,Objective-C
81444,JavaScript
82957,Objective-C
84341,JavaScript
85800,JavaScript
87135,Erlang
87869,Java
88390,Ruby
90988,CoffeeScript
91363,C++
94451,Objective-C
96553,JavaScript
96689,Ruby
96763,Ruby
98743,C
99731,Ruby
100266,JavaScript
102179,C
104483,Ruby
106815,Scala
106864,Ruby
107530,JavaScript
110992,JavaScript
112249,Objective-C
112262,JavaScript
112292,Objective-C
113880,Ruby
114167,PHP
114751,VimL
116162,JavaScript
118048,Clojure
118551,PHP
119275,Ruby
119977,JavaScript
120216,JavaScript
120707,C#
122760,Java
123356,Python
124505,JavaScript
126528,Java
126778,Erlang
131286,Ruby
137246,JavaScript
141145,JavaScript
141261,Shell
142406,JavaScript
146205,JavaScript
149332,C++
150716,Ruby
153822,JavaScript
154114,Ruby
156773,JavaScript
158753,Java
159999,C
164085,Ruby
166720,JavaScript
167194,Ruby
167303,Ruby
167985,Ruby
169454,Java
169529,Python
176492,Go
176596,Ruby
180685,Lua
181526,Python
182702,JavaScript
185861,Clojure
189681,JavaScript
198069,JavaScript
201672,JavaScript
205834,PHP
206270,Ruby
207212,Java
209924,Ruby
214552,JavaScript
216447,PHP
219601,JavaScript
220953,JavaScript
222916,Ruby
223537,Ruby
224435,Ruby
231026,Erlang
233193,C++
238698,Python
242564,C++
243431,Objective-C
244129,C++
244417,Java
246730,C
260066,Ruby
262948,Objective-C
263107,JavaScript
267105,Shell
267717,Python
276344,C
280617,Ruby
284018,Java
284075,Java
285798,Java
303616,C#
306908,C
307612,C
309661,Ruby
311780,Java
313268,JavaScript
319466,Python
321869,Objective-C
323565,C
326476,PHP
328815,Python
335881,Shell
337343,Ruby
338816,Objective-C
343698,C++
344063,Haskell
348868,C
357887,Java
362053,JavaScript
362894,JavaScript
363605,C
366402,JavaScript
374916,PHP
386790,Java
410586,JavaScript
414089,C
419651,JavaScript
422791,JavaScript
427496,JavaScript
427934,Ruby
440795,FORTRAN
450059,Erlang
450328,JavaScript
454235,Scala
455467,Ruby
460773,JavaScript
497181,JavaScript
499056,JavaScript
519333,Java
543497,Ruby
546329,JavaScript
569534,Clojure
572040,Shell
576260,Tcl
601064,Python
603530,JavaScript
615055,OCaml
640609,Python
643697,Shell
651549,Java
652682,Erlang
673716,PHP
677148,C
683351,JavaScript
686542,Clojure
696102,Ruby
705818,Puppet
718118,CoffeeScript
719340,Objective-C
723307,C++
724361,Python
726806,Groovy
738430,JavaScript
742622,Java
743378,Objective-C
748510,C#
750986,JavaScript
771049,C
772395,JavaScript
773433,Ruby
784448,C
804708,JavaScript
811373,Ruby
812923,Java
839143,VimL
843214,JavaScript
870927,C
911527,PHP
927777,Shell
979207,Scala
1001578,Java
1008365,Ruby
1009716,Ruby
1011413,C++
1015480,C
1017307,JavaScript
1025135,JavaScript
1027466,JavaScript
1031791,JavaScript
1036996,JavaScript
1059797,JavaScript
1078185,Objective-C
1080519,Java
1083125,Ruby
1084208,Go
1084793,JavaScript
1093294,Python
1099822,C++
1100704,Erlang
1117036,JavaScript
1124381,C#
1186739,JavaScript
1189471,C
1195142,JavaScript
1214622,Lua
1228020,PHP
1242075,Scheme
1248826,C++
1261926,Shell
1270737,R
1303073,Objective-C
1328973,Ruby
1344179,JavaScript
1352199,Erlang
1366256,JavaScript
1367068,Java
1367228,Java
1372746,Python
1381021,Ruby
1382032,JavaScript
1391701,JavaScript
1397125,C
1397723,Java
1404659,JavaScript
1412018,PHP
1414836,Python
1416473,JavaScript
1432150,HTML
1434458,Java
1437288,JavaScript
1438441,Ruby
1449551,PHP
1453441,JavaScript
1457727,JavaScript
1471234,C
1471568,Go
1486549,Haskell
1492346,JavaScript
1500447,JavaScript
1524373,Java
1526024,C++
1528221,PHP
1545229,JavaScript
1546988,JavaScript
1600439,Java
1619676,Java
1690743,VimL
1698522,Go
1713442,JavaScript
1749436,Objective-C
1764042,JavaScript
1778841,PHP
1799111,Ruby
1819251,JavaScript
1838125,Ruby
1852141,Ruby
1886159,Shell
1890840,Java
1891776,Ruby
1892389,R
1893164,PHP
1900934,Python
1903462,JavaScript
1904790,Java
1916255,Scala
1918558,Ruby
1927874,JavaScript
1927881,C++
1961397,JavaScript
1964893,Objective-C
1965404,Go
1977847,Objective-C
1991636,JavaScript
2001763,C++
2020393,Shell
2051124,Ruby
2145058,JavaScript
2146436,Ruby
2201979,JavaScript
2206890,Python
2207463,Scala
2213273,PHP
2229635,C
2241376,C++
2244312,JavaScript
2244481,CoffeeScript
2246039,Python
2250690,Python
2252680,C++
2255699,VimL
2257096,PHP
2257240,C
2266052,Python
2281243,C++
2281819,Ruby
2294498,Python
2312008,PHP
2315431,JavaScript
2340614,JavaScript
2345204,Ruby
2363619,Objective-C
2363758,Go
2375290,C
2381629,PHP
2381679,C++
2404370,Objective-C
2409137,Assembly
2417208,Python
2421460,JavaScript
2422498,Java
2445228,Scala
2447212,PowerShell
2476937,Ruby
2480777,Python
2513836,Objective-C
2535892,XC
2572814,PHP
2660015,PHP
2662867,Groovy
2702530,Shell
2728868,PHP
2739871,C#
2749609,Objective-C
2752178,Java
2787691,JavaScript
2796362,Ruby
2801361,JavaScript
2807863,JavaScript
2814268,ActionScript
2835325,Ruby
2847808,JavaScript
2862294,JavaScript
2862977,C++
2873371,PHP
2874293,Python
2875658,PHP
2889040,PHP
2922319,Java
2940997,Ruby
2978560,Emacs Lisp
2987164,JavaScript
3004769,C#
3018979,Ruby
3036595,Python
3036835,Ruby
3040840,Python
3048906,Lua
3063823,Java
3063870,Java
3067095,Shell
3095960,JavaScript
3117680,CSS
3122758,JavaScript
3136825,PHP
3163883,C++
3168742,Puppet
3173347,JavaScript
3180895,Python
3201792,Ruby
3213902,JavaScript
3224446,Python
3231556,JavaScript
3236423,JavaScript
3250844,PHP
3276139,JavaScript
3283518,Objective-C
3286419,PHP
3287419,JavaScript
3290625,Python
3296518,JavaScript
3308302,C#
3321949,Go
3346024,Python
3361740,Python
3368849,VimL
3370838,Shell
3389811,JavaScript
3407626,Objective-C
3413879,Python
3429645,JavaScript
3434493,C
3462816,Emacs Lisp
3465213,JavaScript
3487382,C++
3498338,C
3499917,Perl
3523460,JavaScript
3524332,JavaScript
3529137,JavaScript
3549651,Python
3592410,Shell
3594572,PHP
3600377,Java
3610783,Vala
3631888,JavaScript
3641172,Processing
3642978,Java
3649472,Java
3659421,Java
3664437,JavaScript
3669790,JavaScript
3683487,Objective-C
3706501,Objective-C
3714509,Shell
3716978,Ruby
3752385,Go
3756185,JavaScript
3759006,Objective-C
3769056,JavaScript
3770464,Python
3807912,JavaScript
3827244,Java
3863843,JavaScript
3872943,Python
3874746,Makefile
3877884,JavaScript
3893356,JavaScript
3905191,JavaScript
3908715,Go
3943403,Objective-C
3983276,Objective-C
3997006,Ruby
4003838,JavaScript
4019026,Python
4026408,JavaScript
4030767,JavaScript
4035765,Objective-C
4045632,Ruby
4052435,C
4058558,PHP
4069483,JavaScript
4115240,Shell
4120130,Ruby
4136027,C++
4160390,Shell
4192518,JavaScript
4255397,JavaScript
4291112,JavaScript
4291254,CoffeeScript
4326459,Java
4339243,JavaScript
4420524,Ruby
4428725,Ruby
4467262,Go
4484156,Ruby
4513783,Julia
4539094,JavaScript
4540322,Go
4563307,Java
4563494,Scala
4569976,Java
4583981,JavaScript
4584491,PHP
4588007,JavaScript
4607985,C
4629745,Java
4660569,Ruby
4663721,CSS
4680920,C++
4682471,Python
4695209,JavaScript
4722740,Objective-C
4731748,Java
4739172,Arduino
4753416,Go
4773093,Python
4775481,PHP
4776433,JavaScript
4786655,JavaScript
4809226,Objective-C
4819374,JavaScript
4877698,Objective-C
4879481,JavaScript
4882831,Scheme
4894767,Ruby
4896516,Ruby
4899910,Java
4903941,Java
4904730,JavaScript
4911527,JavaScript
4926223,JavaScript
4929815,CSS
4963729,Java
4988377,JavaScript
4992188,Rust
4993581,Scala
5041761,C#
5042362,Ruby
5069439,CoffeeScript
5103160,JavaScript
5120709,Python
5140545,Objective-C
5145060,Objective-C
5146456,Objective-C
5205541,JavaScript
5216745,JavaScript
5304081,Ruby
5322239,C++
5350409,CSS
5368058,C
5377260,Python
5379586,Shell
5384527,JavaScript
5398997,Ruby
5399390,Objective-C
5411876,Objective-C
5427047,C++
5428457,Java
5435325,JavaScript
5439720,C#
5441485,Ruby
5472160,JavaScript
5481554,Java
5507363,JavaScript
5552730,CSS
5555823,JavaScript
5565375,Java
5568720,C++
5573155,JavaScript
5593627,Objective-C
5597614,Java
5598479,JavaScript
5600557,Ruby
5602838,JavaScript
5604899,Objective-C
5617024,TeX
5630665,PHP
5636078,Shell
5718353,CoffeeScript
5731028,Ruby
5741726,Go
5784154,Java
5798893,Shell
5807266,C#
5812279,CSS
5817753,C
5828347,JavaScript
5829099,Ruby
5846748,JavaScript
5927767,CSS
5942149,Python
5944667,Ruby
5979563,PHP
6005713,JavaScript
6013073,VimL
6023112,CSS
6065511,JavaScript
6068879,C
6085795,Objective-C
6087555,Objective-C
6095575,JavaScript
6096676,Emacs Lisp
6108651,Java
6126544,Python
6169171,Objective-C
6172020,Go
6196408,Shell
6210932,CSS
6225214,C
6239513,Clojure
6253776,Objective-C
6278863,Python
6280726,Python
6299920,Python
6307815,Python
6312005,Objective-C
6318240,JavaScript
6328765,C
6399055,C#
6403871,JavaScript
6404061,PHP
6412773,Erlang
6442229,Ruby
6451691,Python
6457494,Ruby
6462793,Java
6476825,Erlang
6496393,Shell
6498079,JavaScript
6499244,Python
6533556,Objective-C
6571469,Ruby
6587692,Objective-C
6610198,Java
6611850,Objective-C
6653643,Scala
6699074,JavaScript
6704373,Objective-C
6712024,Objective-C
6744736,Objective-C
6753616,Python
6800846,Ruby
6816151,C
6853230,Python
6861499,Python
6882788,VimL
6916565,JavaScript
6962535,JavaScript
6965555,Python
6965574,Python
6970257,JavaScript
6988298,JavaScript
6988998,Java
7001356,Ruby
7013556,Ruby
7075652,Java
7089559,PHP
7105340,CSS
7146853,Perl
7158417,Ruby
7164842,Shell
7182205,Java
7189065,Objective-C
7190023,CSS
7199692,Ruby
7212462,Java
7215130,JavaScript
7222746,Objective-C
7228519,PHP
7249970,JavaScript
7258997,Java
7259889,CSS
7260288,Objective-C
7266288,JavaScript
7276482,CoffeeScript
7294438,JavaScript
7305150,PHP
7306369,Objective-C
7306673,CSS
7308213,Objective-C
7326980,JavaScript
7344511,Python
7361572,JavaScript
7383416,JavaScript
7412153,C++
7432562,C++
7461031,C
7489584,JavaScript
7504851,Python
7553911,Python
7556976,Java
7570729,Java
7607012,Objective-C
7617634,PHP
7623896,C
7654253,Objective-C
7658667,JavaScript
7666955,JavaScript
7722836,Shell
7732133,Ruby
7751311,Ruby
7753732,JavaScript
7769665,JavaScript
7808122,JavaScript
7810452,CoffeeScript
7811703,JavaScript
7835118,JavaScript
7846270,PHP
7883108,JavaScript
7883561,CSS
7890973,Python
7924929,Go
7940296,Go
7952993,Java
7990763,Java
8017772,Shell
8091268,Ruby
8117762,CSS
8117944,Java
8125526,Shell
8137228,Python
8142691,Objective-C
8162617,Java
8169424,JavaScript
8170478,Ruby
8194675,Java
8228397,C#
8270641,C++
8313244,PHP
8339915,C
8346508,CSS
8387817,Objective-C
8390641,Python
8404580,JavaScript
8405131,JavaScript
8416517,Scala
8427119,Java
8450572,CSS
8475145,Objective-C
8485455,Python
8515356,JavaScript
8532385,JavaScript
8532554,Objective-C
8566806,C++
8576259,JavaScript
8596480,Python
8634501,CSS
8670482,JavaScript
8734343,Java
8742938,C++
8758294,CSS
8769923,C
8772689,Shell
8776028,Objective-C
8784767,Objective-C
8789813,Java
8817056,C++
8818018,JavaScript
8854423,Julia
8875437,Objective-C
8875464,C
8905797,Go
8906917,Objective-C
8913435,Shell
8939716,Ruby
9026379,Objective-C
9041360,JavaScript
9062615,Python
9078570,Objective-C
9095732,Shell
9121894,HTML
9139436,JavaScript
9152395,C
9232309,Python
9240557,Python
9245754,PHP
9255018,JavaScript
9268752,Python
9282939,JavaScript
9343717,Ruby
9344074,Perl
9346606,Ruby
9352549,Go
9358405,CSS
9380376,C++
9382176,C
9392393,Objective-C
9394397,JavaScript
9400432,JavaScript
9464549,PHP
9468307,JavaScript
9504109,Python
9511165,Python
9540082,Python
9570005,Objective-C
9589511,PHP
9597076,Java
9599053,JavaScript
9600790,Python
9626183,CoffeeScript
9658872,C#
9659919,Objective-C
9664486,Ruby
9677139,JavaScript
9687174,Emacs Lisp
9701695,JavaScript
9703605,Python
9704915,Python
9706049,Python
9709116,PHP
9717218,Go
9726637,JavaScript
9727940,JavaScript
9745677,JavaScript
9755937,JavaScript
9777067,CSS
9814221,Arduino
9817959,Java
9843828,CSS
9862004,JavaScript
9865676,Scala
9877090,Groovy
9893161,Objective-C
9895007,Java
9906217,PHP
9908329,Objective-C
9930325,JavaScript
9931815,Python
9961002,C++
9975034,JavaScript
9982219,Ruby
9995314,VimL
10060643,PHP
10084609,Scala
10084678,C++
10123492,C++
10125352,Shell
10138664,Python
10172252,PHP
10172529,Objective-C
10188194,JavaScript
10192555,C++
10196307,Perl
10233169,Java
10260382,Python
10281816,PHP
10282819,Python
10296656,JavaScript
10301817,Ruby
10358518,Ruby
10377821,Ruby
10379711,Go
10388177,JavaScript
10396798,C
10410843,Python
10412281,Objective-C
10425716,Java
10432015,Java
10435922,Objective-C
10447564,Emacs Lisp
10451754,Go
10473430,JavaScript
10512042,Java
10520061,Python
10521722,Objective-C
10526188,Haskell
10528918,Java
10541844,Ruby
10548198,TypeScript
10555368,PHP
10576004,JavaScript
10585250,JavaScript
10631290,JavaScript
10660095,Objective-C
10732476,PHP
10733538,Ruby
10741429,Java
10752463,JavaScript
10773454,Objective-C
10777706,JavaScript
10784470,Java
10803994,JavaScript
10812016,Java
10814377,Java
10815238,JavaScript
10817458,C++
10819648,Go
10829089,Ruby
10829314,JavaScript
10832091,Objective-C
10832897,Objective-C
10832960,JavaScript
10834528,Python
10854850,Python
10859865,Ruby
10910878,JavaScript
10936889,LiveScript
10947458,Ruby
10956038,Java
10956567,JavaScript
10963081,JavaScript
10964976,PHP
11001304,Java
11026907,C++
11061859,Shell
11066875,Objective-C
11072255,HTML
11080800,JavaScript
11083412,C++
11095632,JavaScript
11107988,PHP
11120703,Java
11127510,JavaScript
11132347,JavaScript
11144636,JavaScript
11173957,JavaScript
11175147,Java
11176827,JavaScript
11197300,PHP
11227723,Shell
11228451,JavaScript
11265367,JavaScript
11291526,Common Lisp
11297052,C++
11318999,Python
11323491,Rust
11338993,PHP
11362536,JavaScript
11402707,PHP
11453235,JavaScript
11473240,Objective-C
11494393,Ruby
11512622,Ruby
11537177,Ruby
11554847,JavaScript
11581362,Ruby
11605642,JavaScript
11622535,JavaScript
11625417,Java
11662013,Java
11668604,Go
11698195,Groovy
11702237,PHP
11704557,CSS
11706023,JavaScript
11707880,Python
11720517,JavaScript
11733127,Shell
11735060,JavaScript
11737051,Erlang
11744765,Python
11746264,Objective-C
11761587,JavaScript
11784159,JavaScript
11785544,CSS
11797084,JavaScript
11802012,Objective-C
11850935,Java
11854803,Objective-C
11912097,JavaScript
11924541,CoffeeScript
12059663,Ruby
12092942,Go
12170217,JavaScript
12192051,Go
12197208,HTML
12226983,CSS
12229395,Ruby
12260707,Python
12262320,Scala
12274903,JavaScript
12280393,R
12308151,C
12313618,PHP
12315617,JavaScript
12317433,PHP
12326365,CoffeeScript
12350238,Shell
12398542,Java
12402890,Java
12449377,Python
12474524,C#
12488104,JavaScript
12505449,Java
12508484,C++
12509066,JavaScript
12516628,PHP
12520304,PHP
12526520,JavaScript
12582238,PHP
12586102,JavaScript
12589909,Python
12622087,PHP
12630000,JavaScript
12666384,C
12670029,JavaScript
12682828,Java
12682853,Go
12715530,Scala
12719568,Objective-C
12740796,JavaScript
12746037,Shell
12749140,JavaScript
12761803,CSS
12798077,JavaScript
12806676,Scala
12814859,JavaScript
12821674,JavaScript
12861561,CSS
12878383,Ruby
12908987,JavaScript
12998527,PHP
13061306,Java
13071706,Java
13082203,Objective-C
13095216,Python
13126326,Python
13128433,JavaScript
13334964,PHP
13368782,HTML
13393204,Clojure
13398866,Objective-C
13403042,Swift
13415499,Java
13430369,PHP
13454056,Lua
13462180,CSS
13480659,Python
13481226,Ruby
13489032,CoffeeScript
13490952,JavaScript
13494877,Scala
13520780,Python
13523497,JavaScript
13536812,Clojure
13537757,Python
13539138,JavaScript
13541961,Java
13570263,JavaScript
13585659,Ruby
13593152,Java
13595364,Java
13615253,JavaScript
13621454,C
13635889,JavaScript
13636760,JavaScript
13636819,Java
13640327,Swift
13655055,Lua
13664602,Go
13678610,CSS
13679102,Perl
13680016,Swift
13685691,JavaScript
13719308,PHP
13735930,C
13737011,Go
13742311,CoffeeScript
13747237,JavaScript
13747894,Go
13759969,JavaScript
13766624,C
13778815,Perl
13822802,PHP
13837159,Go
13865588,Python
13867933,C
14000694,Emacs Lisp
14027141,Assembly
14057734,Ruby
14116012,Java
14210902,CSS
14263163,Scala
14286406,JavaScript
14287549,PHP
14310944,JavaScript
14328878,JavaScript
14435272,Shell
14457963,Ruby
14486832,PHP
14515342,Nimrod
14543063,Java
14545279,C
14666817,JavaScript
14682420,Go
14698825,CSS
14737226,JavaScript
14771481,JavaScript
14806250,JavaScript
14846150,CoffeeScript
14910241,JavaScript
14914675,C++
14922006,Python
14957066,JavaScript
14989257,Objective-C
14995115,JavaScript
15017277,Ruby
15022227,C#
15080529,Java
15093986,PHP
15125364,Objective-C
15134766,C
15195328,Objective-C
15228302,JavaScript
15239162,C++
15393494,Objective-C
15509641,Shell
15531805,Objective-C
15536505,Scala
15563546,PHP
15612970,Java
15623292,Scala
15627284,JavaScript
15676204,JavaScript
15708243,Java
15710174,JavaScript
15743643,JavaScript
15793721,JavaScript
15794603,Emacs Lisp
15956179,CSS
15998060,Java
16030648,CSS
16077481,Python
16116800,Python
16174927,JavaScript
16219560,Haskell
16224803,Web Ontology Language
16307010,CSS
16310355,Java
16409333,JavaScript
16415741,HTML
16534152,JavaScript
16611808,PHP
16622735,Shell
16638704,PHP
16640920,Common Lisp
16647116,Objective-C
16723951,JavaScript
16730686,HTML
16733587,JavaScript
16741757,Go
16754990,C#
16770502,Haskell
16782015,PHP
16834666,Python
16837900,JavaScript
16904075,JavaScript
16949824,Lua
16988139,Objective-C
17009322,JavaScript
17020688,C++
17021738,Java
17036156,JavaScript
17038695,Swift
17070556,Java
17081302,HTML
17139019,CSS
17296591,JavaScript
17328893,Swift
17332041,C
17373284,JavaScript
17466721,CSS
17472048,Elixir
17479978,JavaScript
17529102,Python
17532093,Java
17539972,C++
17593904,Pascal
17629210,C
17646483,PHP
17648544,JavaScript
17664209,Objective-C
17785086,Shell
17830752,HTML
17840201,Scala
17879187,C
17921081,Java
17922358,Puppet
17941398,JavaScript
17964103,JavaScript
17982139,Java
17982701,JavaScript
18013712,Objective-C
18026805,Java
18028838,Python
18035907,Shell
18046266,R
18054793,Go
18059452,Go
18059812,Java
18129978,Java
18199108,C
18236982,Java
18257960,JavaScript
18260477,JavaScript
18290070,Java
18313948,Objective-C
18415473,Python
18418200,PHP
18469788,JavaScript
18646362,TeX
18655199,CSS
18714651,JavaScript
18781956,Objective-C
18810686,Objective-C
18822502,HTML
18904813,C++
19010386,C
19047987,Java
19099635,JavaScript
19122404,Pascal
19147330,Perl
19153219,JavaScript
19185130,JavaScript
19314846,CSS
19320997,JavaScript
19517346,JavaScript
19525779,JavaScript
19552315,Java
19581764,Java
19600642,Java
19612571,Shell
19630614,C
19637265,C
19641501,CSS
19685186,Java
19689982,Objective-C
19710500,Objective-C
19717550,C
19755702,Java
19758699,HTML
19820804,PHP
19823479,HTML
19936916,C#
19943063,Python
20008478,Java
20104020,Swift
20224741,C#
20226295,JavaScript
20265215,Java
20285835,JavaScript
20311740,Objective-C
20349010,PHP
20378057,Java
20398795,Java
20508542,Ruby
20532667,C
20637830,JavaScript
20647545,Java
20666664,Python
20680088,C
20682630,HTML
20737229,PHP
20754312,Ruby
20774253,Java
20835622,Java
20844574,JavaScript
20873386,Java
20935792,JavaScript
21037532,Java
21044484,C++
21058198,Haskell
21065369,PHP
21187110,Objective-C
21341462,C#
21358389,CoffeeScript
21448026,CSS
21584862,PHP
21603107,C++
21618029,Java
21681863,CSS
21700832,C
21719074,C++
21770593,HTML
21784371,Objective-C
21864762,Java
21908633,TypeScript
21924858,CSS
21963930,PHP
21971963,JavaScript
22036307,Shell
22041659,VimL
22042237,Objective-C
22045114,Shell
22047350,JavaScript
22050640,JavaScript
22052042,Java
22053634,JavaScript
22053762,JavaScript
22054830,CSS
22056425,HTML
22056630,Python
22076087,Java
22076833,C
22077026,JavaScript
22084327,JavaScript
22095887,Java
22105376,JavaScript
22110826,Ruby
22116372,Ruby
22123631,PHP
22141768,JavaScript
22167327,Objective-C
22187814,PHP
22208853,Objective-C
22211488,Makefile
22236354,Ruby
22278515,Python
22282240,JavaScript
22402010,JavaScript
22513118,HTML
22822302,Swift
22833631,Swift
22946554,Java
22984128,Java
23114966,HTML
23115673,HTML
23249012,JavaScript
23458675,Python
23465223,JavaScript
23471356,Python
23537807,Python
23600597,JavaScript
23769369,JavaScript
23775197,Java
23924596,Shell
23961495,HTML
24094301,C++
24177440,Python
24265177,Java
24272262,JavaScript
24283325,HTML
24349402,Shell
24431405,Shell
24491126,C++
24495953,C
24540619,JavaScript
24568290,PHP
24618268,C#
24663283,Java
24729237,Go
24899862,Java
24900752,TeX
24908811,Python
24919055,Java
24938003,Java
25004073,HTML
25032410,HTML
25037627,Swift
25040693,Java
25045443,JavaScript
25051824,Java
25070656,JavaScript
25256022,Ruby
25256938,Java
25395643,CSS
25440413,PHP
25545538,C
25672260,Python
25830758,CSS
25858715,C++
25944077,JavaScript
25954906,Java
25977484,JavaScript
26091726,C#
26108120,JavaScript
26112145,C++
26119533,JavaScript
26276834,Java
26341053,PHP
26392840,Objective-C
26459676,C#
26550795,CSS
26588971,C++
26753555,Matlab
26873823,TypeScript
26936537,HTML
26961388,Emacs Lisp
26965543,PHP
27051487,Python
27147563,PHP
27232955,JavaScript
27306008,JavaScript
27345935,C++
27375757,Swift
27406305,Lua
27469596,Python
27496559,Lua
27499427,C++
27501293,Lua
27530962,Ruby
27533386,JavaScript
27676276,C
27681681,Python
27740539,TeX
27747720,Go
28085151,JavaScript
28139204,HTML
28317607,JavaScript
28338390,CSS
28376284,HTML
28405382,Swift
28459924,JavaScript
28552779,PHP
28625357,Python
28952769,HTML
28992266,JavaScript
29116788,HTML
27623476,unknown
6278048,unknown
14505051,unknown
7304063,unknown
28401052,unknown
11588385,unknown
10798,unknown
17411,unknown
15778405,unknown
7019686,unknown
14782669,unknown
18674058,unknown
18847237,unknown
15592045,unknown
18869596,unknown
7240106,unknown
14959628,unknown
4605271,unknown
10464490,unknown
4198417,unknown
6843683,unknown
19996,unknown
11238565,unknown
3427780,unknown
17753126,unknown
9478333,unknown
13613053,unknown
15246185,unknown
6441856,unknown
1615,unknown
2389915,unknown
1474764,unknown
25037257,unknown
27326987,unknown
14101318,unknown
11182376,unknown
17865733,unknown
15525750,unknown
15548976,unknown
10053600,unknown
13642463,unknown
18006157,unknown
3513117,unknown
20450796,unknown
28178404,unknown
15962985,unknown
22321,unknown
7980702,unknown
11467831,unknown
27859042,unknown
27299735,unknown
18821370,unknown
20450716,unknown
5534759,unknown
21629316,unknown
20532547,unknown
5312058,unknown
5522468,unknown
3992573,unknown
22046894,unknown
11139593,unknown
2923558,unknown
13464028,unknown
18022219,unknown
15867274,unknown
11753236,unknown
10435441,unknown
10955983,unknown
204692,unknown
23620520,unknown
9650960,unknown
15500909,unknown
15471020,unknown
27633284,unknown
15669545,unknown
19696936,unknown
8339162,unknown
16154948,unknown
11570176,unknown
4933925,unknown
18097224,unknown
5195927,unknown
14847736,unknown
14897153,unknown
15417633,unknown
7537997,unknown
19579,unknown
9912292,unknown
16423884,unknown
10280298,unknown
16428381,unknown
3814424,unknown
3582345,unknown
2719572,unknown
27671937,unknown
19569279,unknown
14773650,unknown
1989790,unknown
16230400,unknown
6191402,unknown
28033868,unknown
27977354,unknown
7170693,unknown
8296041,unknown
9983686,unknown
19761685,unknown
20390809,unknown
2204,unknown
11183490,unknown
15536213,unknown
7113913,unknown
18903735,unknown
14627410,unknown
4646758,unknown
27881432,unknown
811401,unknown
27428481,unknown
19644716,unknown
15363005,unknown
255320,unknown
15205847,unknown
3961217,unknown
13544235,unknown
12653317,unknown
2661903,unknown
20163538,unknown
13509074,unknown
4342100,unknown
5095078,unknown
17708574,unknown
18941,unknown
4142580,unknown
27955513,unknown
17867788,unknown
10258995,unknown
7420900,unknown
23428045,unknown
16792291,unknown
5074778,unknown
18429672,unknown
21174695,unknown
19085523,unknown
45669,unknown
18937463,unknown
24136448,unknown
11474560,unknown
8688328,unknown
19594347,unknown
2249262,unknown
20435182,unknown
8012811,unknown
7132386,unknown
27777181,unknown
445199,unknown
5430540,unknown
7738640,unknown
17924077,unknown
20138487,unknown
10574931,unknown
5152250,unknown
2365356,unknown
13097260,unknown
18790667,unknown
28923864,unknown
5078978,unknown
21312489,unknown
2771181,unknown
11212499,unknown
16846494,unknown
124137,unknown
13740270,unknown
21974766,unknown
2337743,unknown
14848865,unknown
20955762,unknown
306833,unknown
5371237,unknown
2798946,unknown
11680693,unknown
21921763,unknown
2922620,unknown
1354419,unknown
1436875,unknown
214505,unknown
4477515,unknown
28690670,unknown
4476638,unknown
28153902,unknown
74160,unknown
8847632,unknown
59582,unknown
20465270,unknown
28851599,unknown
7645899,unknown
13719548,unknown
55259,unknown
17466008,unknown
14880605,unknown
3708910,unknown
10953007,unknown
20425918,unknown
11165808,unknown
16195282,unknown
10066441,unknown
14179437,unknown
12967267,unknown
5989485,unknown
579759,unknown
12316998,unknown
17273246,unknown
7198962,unknown
10199826,unknown
21125630,unknown
4780077,unknown
9160279,unknown
18993586,unknown
15646653,unknown
10589306,unknown
26783304,unknown
16988042,unknown
9709068,unknown
18272904,unknown
26674333,unknown
20752407,unknown
6236268,unknown
15718946,unknown
15573016,unknown
1607018,unknown
2709309,unknown
16020916,unknown
9051214,unknown
28117425,unknown
2768008,unknown
5778983,unknown
2601235,unknown
18552022,unknown
13636329,unknown
16798228,unknown
17193964,unknown
383256,unknown
20029138,unknown
2909754,unknown
134290,unknown
18029648,unknown
15205203,unknown
13624635,unknown
2467228,unknown
18719465,unknown
17169141,unknown
21191867,unknown
11348682,unknown
16569855,unknown
21216818,unknown
27980298,unknown
21034797,unknown
27434109,unknown
22823126,unknown
12807650,unknown
17322266,unknown
20410311,unknown
27422150,unknown
27751995,unknown
18221297,unknown
788950,unknown
9866862,unknown
24498221,unknown
21582674,unknown
1949584,unknown
19790971,unknown
17143234,unknown
24240637,unknown
28119927,unknown
18498547,unknown
12738012,unknown
28592646,unknown
17059127,unknown
28205753,unknown
15082688,unknown
28510906,unknown
11817714,unknown
18461617,unknown
10905378,unknown
15285403,unknown
16691009,unknown
11006951,unknown
17784660,unknown
13808342,unknown
28475997,unknown
3119886,unknown
16550843,unknown
13978039,unknown
17746668,unknown
8837968,unknown
18258297,unknown
15426725,unknown
19537063,unknown
14756103,unknown
15485606,unknown
4092676,unknown
26974218,unknown
19018850,unknown
8944249,unknown
2624458,unknown
13714859,unknown
20064306,unknown
2945321,unknown
13155583,unknown
2372421,unknown
8984199,unknown
15915198,unknown
13413696,unknown
14149638,unknown
22331562,unknown
20660971,unknown
14429281,unknown
28754602,unknown
136457,unknown
9701410,unknown
21909651,unknown
16717734,unknown
15753913,unknown
3205751,unknown
18355741,unknown
15708458,unknown
11384611,unknown
16290623,unknown
18395213,unknown
17392942,unknown
10128842,unknown
2886485,unknown
2434520,unknown
5548430,unknown
15384846,unknown
23918553,unknown
17251459,unknown
13602488,unknown
27536536,unknown
21667956,unknown
29023113,unknown
14466355,unknown
5247954,unknown
9356105,unknown
28947710,unknown
19755185,unknown
10281182,unknown
27852169,unknown
18507554,unknown
28169699,unknown
4187118,unknown
28486256,unknown
27406826,unknown
24834266,unknown
8732866,unknown
20654502,unknown
19664730,unknown
20769533,unknown
15729314,unknown
20434473,unknown
20634755,unknown
20925694,unknown
1098117,unknown
13964115,unknown
14215488,unknown
6505671,unknown
21640858,unknown
17134485,unknown
22085827,unknown
18623771,unknown
856494,unknown
20029706,unknown
25076502,unknown
11034513,unknown
19329970,unknown
19379132,unknown
16363717,unknown
28758106,unknown
15759579,unknown
25650073,unknown
13603046,unknown
20030610,unknown
28920533,unknown
18513548,unknown
28717286,unknown
15252261,unknown
28357332,unknown
28581442,unknown
7147408,unknown
21975229,unknown
21378283,unknown
23964055,unknown
10260310,unknown
