"`id`","`language`"
"19","Objective-C"
"74","C"
"102","Java"
"114","JavaScript"
"183","PHP"
"274","Ruby"
"299","VimL"
"310","Ruby"
"392","JavaScript"
"411","Ruby"
"434","JavaScript"
"479","Shell"
"572","PHP"
"695",
"940","JavaScript"
"964","JavaScript"
"1088","C"
"1091","Ruby"
"1097","JavaScript"
"1318","Python"
"1322","Objective-C"
"1358","VimL"
"1650","VimL"
"1743","Python"
"1896","Ruby"
"1903","Objective-C"
"2042","JavaScript"
"2236","VimL"
"2290","Objective-C"
"2301","JavaScript"
"2310","JavaScript"
"2470","Ruby"
"2498","Ruby"
"2524","JavaScript"
"2781","PHP"
"2888","Ruby"
"2895","JavaScript"
"3095","Objective-C"
"3182","PHP"
"3345","JavaScript"
"3500","C#"
"3623","Ruby"
"3633","Shell"
"3669","C"
"3705","C"
"3816","Python"
"4161","Ruby"
"4454","Visual Basic"
"4492","JavaScript"
"4718","JavaScript"
"5022","Java"
"5101","JavaScript"
"5162","HTML"
"5245","Ruby"
"5273","Ruby"
"5520","Ruby"
"5672","JavaScript"
"5754","PHP"
"5759","JavaScript"
"5767","JavaScript"
"6119","C++"
"6142","Java"
"6188",
"6368","Python"
"6413","Java"
"6419","JavaScript"
"6489","Java"
"6558","CSS"
"6603","Python"
"6606","Python"
"6729","JavaScript"
"6785","JavaScript"
"6815","Ruby"
"6845","PHP"
"6848","Ruby"
"6882","Objective-C"
"6883","Ruby"
"7178","Ruby"
"7208","CoffeeScript"
"7209","C"
"8127","Python"
"8168","Ruby"
"8256",
"8366","Objective-C"
"8423","C++"
"8547","ActionScript"
"8721","C++"
"8943","Python"
"9000","JavaScript"
"9047","JavaScript"
"9150","Scala"
"9316","PHP"
"9446","CoffeeScript"
"9716","JavaScript"
"9840","Java"
"9877","JavaScript"
"10098","JavaScript"
"10197","JavaScript"
"10457","JavaScript"
"10559","JavaScript"
"10641","C#"
"10679","Python"
"10692","Objective-C"
"11005","PHP"
"11360","C++"
"11630","Ruby"
"11652","Python"
"11706","PHP"
"11788","JavaScript"
"11902","PHP"
"12678",
"12747","Ruby"
"13021","Ruby"
"13043","Objective-C"
"13255","Ruby"
"13760",
"13860","Ruby"
"14361","Java"
"14688","C#"
"15423","JavaScript"
"16037","Ruby"
"16379","C++"
"16542","JavaScript"
"17387","VimL"
"17694","C++"
"17880","JavaScript"
"17969","Python"
"18104","PHP"
"18152","CSS"
"18170","Ruby"
"18659","C"
"18856","Ruby"
"18911","Clojure"
"18976","Python"
"19135","Java"
"19640","JavaScript"
"19960","Lua"
"19988","Objective-C"
"20138","Objective-C"
"20282","C"
"20722","Ruby"
"20862","Shell"
"21127","Emacs Lisp"
"21280","Ruby"
"21608","Shell"
"21742","Java"
"22068","JavaScript"
"22117","JavaScript"
"22190","JavaScript"
"22940","Apex"
"23122","Objective-C"
"23249","JavaScript"
"23301","Shell"
"23650","Ruby"
"23857","Objective-C"
"23888","Java"
"23994","CoffeeScript"
"24282","Ruby"
"24364","JavaScript"
"24423","Ruby"
"24444","PHP"
"24553","JavaScript"
"24713","Shell"
"24889","Ruby"
"24902","JavaScript"
"25304","C++"
"25524","JavaScript"
"25528","JavaScript"
"25750","JavaScript"
"25813","Python"
"25987","ActionScript"
"26580","Objective-C"
"26734","Ruby"
"27013","Java"
"27605","Ruby"
"27637","JavaScript"
"27766","Objective-C"
"28154","JavaScript"
"28204","Python"
"28315","Perl"
"28464","Objective-C"
"28596","Python"
"28711","C++"
"28763","DM"
"30402","Shell"
"30411","Ruby"
"30501","Ruby"
"30590","Python"
"30746","Java"
"31211","Objective-C"
"31238","JavaScript"
"31313","JavaScript"
"31791","Java"
"31908","Lua"
"32185","JavaScript"
"32246","Python"
"32281","Objective-C"
"32456","JavaScript"
"32733","Ruby"
"32758","JavaScript"
"33701","C#"
"33750","C"
"34098","JavaScript"
"34150","JavaScript"
"34288","JavaScript"
"34342","Java"
"34418","Clojure"
"34788",
"34959","Emacs Lisp"
"35242","C"
"35872","Ruby"
"36464","Ruby"
"36485","Java"
"36632","Ruby"
"37011","JavaScript"
"37344","JavaScript"
"37367","JavaScript"
"37373","C++"
"37761","Java"
"37896","HTML"
"38295","JavaScript"
"38936","PHP"
"39044","Python"
"39156","JavaScript"
"39186","R"
"39594","Objective-C"
"40092","Emacs Lisp"
"40899","JavaScript"
"41970","JavaScript"
"43476","Ruby"
"43782","JavaScript"
"45655","JavaScript"
"45763","CoffeeScript"
"46267","JavaScript"
"46761","Go"
"46907","C++"
"50023","Python"
"50376","JavaScript"
"50600","Objective-C"
"51637","Python"
"51883","JavaScript"
"52574","JavaScript"
"52869","Haskell"
"53056","Clojure"
"53860","Python"
"54076","C#"
"54085","Ruby"
"54269","Objective-C"
"54345","Ruby"
"54510","JavaScript"
"54542","Shell"
"54655","C#"
"54818",
"55782","JavaScript"
"56385","JavaScript"
"56409","Ruby"
"57382","JavaScript"
"58739","Objective-C"
"59392","Emacs Lisp"
"59599","CoffeeScript"
"60146","Ruby"
"60397","Perl"
"60678","JavaScript"
"60866","Python"
"62315","Python"
"62782","ActionScript"
"63202","Perl"
"63675","Ruby"
"63786","XQuery"
"64525","Common Lisp"
"65941","Python"
"67276","PHP"
"68176","Visual Basic"
"70612","Java"
"72596","JavaScript"
"74212","Python"
"74349","Python"
"76484","nesC"
"77042","Java"
"78217","JavaScript"
"78652","Python"
"78911","C#"
"79128","Python"
"79771","JavaScript"
"79920","JavaScript"
"81895","Ruby"
"82097","Ruby"
"83045","Erlang"
"84691","C#"
"86825","JavaScript"
"88059","Shell"
"90159","Emacs Lisp"
"91725","Ruby"
"92782","Java"
"93646","C++"
"94667","Ruby"
"96294","PHP"
"97351","JavaScript"
"100334",
"100525","C++"
"101636","JavaScript"
"101850","Shell"
"101858","C"
"102829","JavaScript"
"103698","Ruby"
"107806","Ruby"
"107933","PHP"
"108222","JavaScript"
"109876","PHP"
"114021","JavaScript"
"114527","PHP"
"116538","JavaScript"
"117301","Python"
"118022","Erlang"
"118213","Java"
"119372","Python"
"119796","Ruby"
"120207","Python"
"120682","C++"
"121310","JavaScript"
"125073","CoffeeScript"
"125322","VimL"
"129046","Objective-C"
"132412","PHP"
"135456","Perl"
"141646","Python"
"142124","C++"
"143961","C++"
"146534","Ruby"
"146548","Java"
"146707","Ruby"
"147222","Python"
"149072","JavaScript"
"149332","C++"
"149346","JavaScript"
"150458","Ruby"
"153895",
"154319","JavaScript"
"158858","JavaScript"
"159220","Ruby"
"162433","R"
"167562","Ruby"
"169808","Python"
"170710","JavaScript"
"177326","C"
"181559","C++"
"184184","Python"
"184907","Java"
"185885","Prolog"
"186361","PHP"
"187243","Ruby"
"189773","JavaScript"
"189840","VimL"
"190010","Python"
"196307","JavaScript"
"196754","JavaScript"
"200633","JavaScript"
"207832","C#"
"208015",
"208412","Scala"
"212801","VimL"
"213644","PHP"
"214368","Ruby"
"214407","C"
"215799","Ruby"
"216530","Python"
"222877","Ruby"
"223302","HTML"
"224259","JavaScript"
"225586","JavaScript"
"230489","Matlab"
"237447","JavaScript"
"242885","C++"
"242997",
"244720","PHP"
"248207","C#"
"254908","HaXe"
"255490","C++"
"267105","Shell"
"267326","JavaScript"
"268401","Python"
"270057","JavaScript"
"285668","JavaScript"
"286667","C#"
"300038","Ruby"
"301807","Objective-C"
"304058","JavaScript"
"309670","Go"
"316139","Go"
"321648","C"
"329121","Haskell"
"333783","Python"
"335047","Python"
"357556","Java"
"358604","Ruby"
"362049","Python"
"365193","Python"
"365250","JavaScript"
"373271","Python"
"373792","JavaScript"
"378231","C"
"386390","C"
"400032","Java"
"405214","PHP"
"418168","Objective-C"
"422111","Python"
"428467","Python"
"432246","Python"
"443771","C++"
"446033","Groovy"
"447075","Python"
"454788","Java"
"464984","JavaScript"
"466851","PHP"
"467707","PHP"
"471506","Python"
"482523","JavaScript"
"482846","C"
"486209","Groovy"
"495772",
"501186","C++"
"506136","Python"
"508194","PHP"
"509669","JavaScript"
"513771","Ruby"
"515300","JavaScript"
"515528","Perl"
"516315","JavaScript"
"516445","JavaScript"
"517497","Python"
"521061","Python"
"522376","Lua"
"526653","PHP"
"533414","Racket"
"537036","Java"
"547931","JavaScript"
"547984","Objective-C"
"562022","Java"
"562709","Lua"
"566010","C++"
"566985","C"
"570463","Java"
"578489","Python"
"580940","Python"
"598625","JavaScript"
"600791","Shell"
"614053","Ruby"
"623264","Haskell"
"631784","PHP"
"646675","Shell"
"651549","Java"
"674097","PHP"
"683351","JavaScript"
"686086","Java"
"690791","JavaScript"
"692724","Ruby"
"700962","ASP"
"702182","C"
"716794",
"719101","Ruby"
"723835","Ruby"
"728838","JavaScript"
"737952","Ruby"
"738873","Go"
"759417","C"
"775774","Ruby"
"781314","C++"
"792334","JavaScript"
"793139","C#"
"795823","C"
"796019","JavaScript"
"798409","Emacs Lisp"
"806576","C"
"828852","Ruby"
"835515","PHP"
"836255","Java"
"837533","C"
"839727","Ruby"
"845137","JavaScript"
"848823","Shell"
"860948","JavaScript"
"863457",
"871734","Ruby"
"871967","C#"
"874609","Ruby"
"876346","JavaScript"
"879678","JavaScript"
"883232","JavaScript"
"886849","Python"
"896266","Python"
"928567","JavaScript"
"935761","Shell"
"953021","Objective-C"
"958307","C#"
"962397",
"971750","JavaScript"
"976726","PHP"
"987066","Python"
"991472","Objective-C"
"1001290","JavaScript"
"1001954","Scheme"
"1002457","Python"
"1004093","JavaScript"
"1005669","Go"
"1008609","Shell"
"1029082","Java"
"1032194","PHP"
"1066002","Objective-C"
"1071476","PHP"
"1091537","Java"
"1132390","Objective-C"
"1158123","Common Lisp"
"1203005","C#"
"1226484","PHP"
"1237239","Ruby"
"1240192","Scala"
"1248109","PHP"
"1263208","Python"
"1289542","C++"
"1343544","Clojure"
"1347094","PHP"
"1350116","JavaScript"
"1350879",
"1353232","C"
"1355862","Python"
"1372631","C"
"1375082","JavaScript"
"1379881","JavaScript"
"1380912","C"
"1383479","JavaScript"
"1388658","Ruby"
"1392190","Shell"
"1397379","JavaScript"
"1397786","Shell"
"1404659","JavaScript"
"1405105","Python"
"1408576","PHP"
"1408779","Objective-C"
"1410453","JavaScript"
"1411297","JavaScript"
"1432150","HTML"
"1434115",
"1434458","Java"
"1438441","Ruby"
"1442889","JavaScript"
"1448236","Go"
"1467143","JavaScript"
"1480937","JavaScript"
"1484423","JavaScript"
"1485176","JavaScript"
"1493094","C++"
"1592825",
"1596743","Python"
"1597230","JavaScript"
"1614982",
"1615773","PHP"
"1618024","Ruby"
"1627817","JavaScript"
"1628425","JavaScript"
"1641298","CoffeeScript"
"1644185","JavaScript"
"1662677","VimL"
"1721110",
"1721429",
"1729874","JavaScript"
"1749436","Objective-C"
"1755197","Java"
"1849696","Python"
"1852022","Python"
"1852290","JavaScript"
"1856308",
"1860691","JavaScript"
"1865447","JavaScript"
"1866971","JavaScript"
"1881829","C#"
"1884166",
"1888822","PHP"
"1892878","Erlang"
"1898151","JavaScript"
"1900277","Objective-C"
"1901643","Python"
"1905470","Ruby"
"1914484","Python"
"1925207","ActionScript"
"1927112","Python"
"1930013","JavaScript"
"1939871","CoffeeScript"
"1979766",
"1984271","CSS"
"1987257",
"1999035","JavaScript"
"2137467","C"
"2149621","Shell"
"2152765","PHP"
"2164053","Java"
"2171311","Java"
"2196716","Go"
"2197085","JavaScript"
"2206290","C"
"2218450","Shell"
"2225984","Python"
"2230231","C#"
"2247012","C"
"2252170","C"
"2254446",
"2258394","Python"
"2265170","JavaScript"
"2281955","CoffeeScript"
"2309716","JavaScript"
"2311994","Ruby"
"2316410","C#"
"2318134","C++"
"2326959","Python"
"2328213","Scala"
"2328346","JavaScript"
"2331699",
"2344415","Java"
"2362450","JavaScript"
"2380569","Ruby"
"2391003",
"2408633","Java"
"2415673",
"2417240","Python"
"2444552","PHP"
"2458723","Python"
"2560476","Scala"
"2578176","Python"
"2607328",
"2632596",
"2637576","JavaScript"
"2642907","JavaScript"
"2655075","Objective-C"
"2659243","JavaScript"
"2664658","PHP"
"2669954","Python"
"2695636","PHP"
"2708358",
"2711445","Objective-C"
"2712963","Ruby"
"2713033","Python"
"2745392","Python"
"2747684",
"2748682","Objective-C"
"2748870","PHP"
"2767613",
"2769527",
"2783220","Objective-C"
"2808872","JavaScript"
"2811760","Objective-C"
"2815812","Scala"
"2836442","Java"
"2849882","Java"
"2851222","Java"
"2852547","JavaScript"
"2856422","Python"
"2861410","Objective-C"
"2909122","C"
"2925795","C"
"2927012",
"2935841",
"2939553","C#"
"2966199","JavaScript"
"2977429","JavaScript"
"2985979","Haskell"
"2986781","CoffeeScript"
"2990357","Go"
"2993122","C++"
"2994208","JavaScript"
"2994425","JavaScript"
"3016067","Ruby"
"3025153","JavaScript"
"3028326","PHP"
"3039758",
"3114264","C++"
"3128083","PHP"
"3129874","JavaScript"
"3130041","Ruby"
"3132805",
"3133537","JavaScript"
"3144987","Go"
"3149100","Python"
"3159585","Java"
"3164203","C++"
"3179143","Shell"
"3184387","HTML"
"3202818","JavaScript"
"3213204","PHP"
"3258202","Java"
"3278224","PHP"
"3281773","Scala"
"3284051","Objective-C"
"3299811","Python"
"3301236","C"
"3301654","Python"
"3304945","PHP"
"3317852","JavaScript"
"3340894","JavaScript"
"3344092","JavaScript"
"3351472","C++"
"3354167","PHP"
"3368849","VimL"
"3372093","C"
"3379757","JavaScript"
"3403281","JavaScript"
"3407580","C"
"3418036","PHP"
"3418197","Objective-C"
"3449537","Java"
"3453938","JavaScript"
"3466928","JavaScript"
"3502336","Ruby"
"3505797","Ruby"
"3514941","JavaScript"
"3521399","Objective-C"
"3536377","Java"
"3536666","JavaScript"
"3538411","Java"
"3542921","JavaScript"
"3550460","Shell"
"3568123","JavaScript"
"3593224","Java"
"3594309","CoffeeScript"
"3623728",
"3637549","Objective-C"
"3649316","Python"
"3673816","C++"
"3696763","VimL"
"3714509","Shell"
"3722347","JavaScript"
"3723209","C#"
"3759111","Perl"
"3770252","JavaScript"
"3774595","Scheme"
"3776530","JavaScript"
"3780176","Python"
"3787552","Java"
"3791927","JavaScript"
"3809137","JavaScript"
"3815119",
"3819597","JavaScript"
"3819931","PHP"
"3820956","JavaScript"
"3830632","Go"
"3837155","C"
"3837225","Shell"
"3882145","Python"
"3902707","JavaScript"
"3916184",
"3922782","JavaScript"
"3925874",
"3928909","JavaScript"
"3934330","Objective-C"
"3945990","JavaScript"
"3955585","VHDL"
"3960711","Java"
"3963751","Verilog"
"3965913",
"3966315","JavaScript"
"3971741","Java"
"3983173",
"3987886","Ruby"
"4013120","Java"
"4017200","Java"
"4037534","VimL"
"4039603","PHP"
"4050872","C#"
"4065214","Elixir"
"4071845","JavaScript"
"4101279","JavaScript"
"4101347","JavaScript"
"4102215","JavaScript"
"4109892","Objective-C"
"4115240","Shell"
"4128054","JavaScript"
"4152465",
"4154145","JavaScript"
"4157236",
"4210044","Python"
"4257323","Python"
"4258306","Java"
"4259495","Java"
"4268837","JavaScript"
"4276118","JavaScript"
"4276991","Go"
"4283693","JavaScript"
"4283778","C++"
"4297009","C"
"4300921","Shell"
"4305224","Ruby"
"4311494","Shell"
"4316297","Objective-C"
"4339949",
"4343663","PHP"
"4360285","JavaScript"
"4362473","Objective-C"
"4369063","Go"
"4399794","Ruby"
"4401237","JavaScript"
"4413566","Scala"
"4416030","JavaScript"
"4419127","PHP"
"4430763","Objective-C"
"4455600","Shell"
"4474785","JavaScript"
"4489243","C++"
"4507443","JavaScript"
"4523300","Java"
"4524166","PHP"
"4560965","JavaScript"
"4562344","Shell"
"4567322","Python"
"4583291","Objective-C"
"4586596","C++"
"4588041","Haxe"
"4591038","Python"
"4595984","Java"
"4605271",
"4630402","Ruby"
"4645107","JavaScript"
"4656181","C#"
"4664140","C#"
"4679054","Python"
"4709944","Go"
"4714616","Java"
"4718786","Python"
"4750397","JavaScript"
"4754158","JavaScript"
"4758331","JavaScript"
"4774942","Ruby"
"4833548","Ruby"
"4842023","JavaScript"
"4848290","PHP"
"4897903","JavaScript"
"4919246",
"4920928","Python"
"4947800","C++"
"4951430","JavaScript"
"4952344","Java"
"5001846","JavaScript"
"5049052","JavaScript"
"5061354","JavaScript"
"5061458",
"5081606","VimL"
"5094628","JavaScript"
"5115920","JavaScript"
"5123158","Clojure"
"5144256","Ruby"
"5147460","JavaScript"
"5159079","JavaScript"
"5213995","Ruby"
"5220347","C"
"5221744","JavaScript"
"5257704","PHP"
"5271331","Ruby"
"5277033","JavaScript"
"5281369","JavaScript"
"5296133","JavaScript"
"5302872","Ruby"
"5307191","Java"
"5313307",
"5313700","JavaScript"
"5314023","JavaScript"
"5326736",
"5356444","Scala"
"5362935","JavaScript"
"5371222","PHP"
"5375264","Rust"
"5381072","CoffeeScript"
"5387682","C++"
"5388249","C"
"5389921","JavaScript"
"5391557","JavaScript"
"5395963","Objective-C"
"5396246","C++"
"5399133","C"
"5417953","C"
"5431840","CSS"
"5440720","CSS"
"5443678","Java"
"5452752","Python"
"5453168",
"5473191",
"5476688",
"5507363","JavaScript"
"5522860","PHP"
"5525235","C"
"5534759",
"5534973","JavaScript"
"5541519","C#"
"5541962","Python"
"5549863","Python"
"5558601","C++"
"5561740","JavaScript"
"5565458","Python"
"5610764","CSS"
"5622605","Lua"
"5624902","Python"
"5640432","JavaScript"
"5642283","PHP"
"5645377","Objective-C"
"5657891","JavaScript"
"5683380",
"5686130","C"
"5695109","Shell"
"5758394","JavaScript"
"5765739","Groovy"
"5793872","CSS"
"5807694","Arduino"
"5834038","Ruby"
"5839722","JavaScript"
"5856434","Java"
"5881747","C++"
"5910519","Objective-C"
"5911551","JavaScript"
"5922785","CSS"
"5928095",
"5937008","C"
"5944315","Java"
"5981108","Python"
"6006363","Python"
"6011253","HTML"
"6011279","PHP"
"6029260","Go"
"6034372","Objective-C"
"6039714","Ruby"
"6048597","Emacs Lisp"
"6064327","CoffeeScript"
"6068879","C"
"6075636","JavaScript"
"6080633",
"6085930","Python"
"6091549","CSS"
"6096676","Emacs Lisp"
"6106085",
"6107541","JavaScript"
"6130802","C#"
"6160909","JavaScript"
"6167821","CSS"
"6189264","JavaScript"
"6193466",
"6196691","C#"
"6213142","JavaScript"
"6218854",
"6226713","ActionScript"
"6243709",
"6253397",
"6265804","Lua"
"6274067","Matlab"
"6282369",
"6318616","C"
"6326179","JavaScript"
"6331722","Ecl"
"6342944","Python"
"6351012","Python"
"6386907","Python"
"6437914","JavaScript"
"6465980","JavaScript"
"6488172","JavaScript"
"6492727","Python"
"6500008","Java"
"6504701","PHP"
"6557532","PHP"
"6568665","Java"
"6571088","Common Lisp"
"6575577","Ruby"
"6611508","JavaScript"
"6619345",
"6622991","Go"
"6653710","Java"
"6660726","Objective-C"
"6663351",
"6668420","PHP"
"6699359","PHP"
"6711793","JavaScript"
"6751550","Ruby"
"6780885","C#"
"6804771",
"6811697","Objective-C"
"6888804","C"
"6898760","C++"
"6901625","JavaScript"
"6929777","CSS"
"6931752",
"6937275","Java"
"6984352","Python"
"6986882","JavaScript"
"6992183",
"7001612","C++"
"7013293","Scala"
"7016396","Go"
"7025061","Java"
"7029420","JavaScript"
"7032521","JavaScript"
"7042879",
"7043661","Objective-C"
"7045394",
"7066949","Ruby"
"7074462","JavaScript"
"7075935","C"
"7146167",
"7174110",
"7179723","Java"
"7183865",
"7195493","PHP"
"7197777","C"
"7201837",
"7212135","JavaScript"
"7214291","PHP"
"7216211","CSS"
"7216824","JavaScript"
"7223006","Objective-C"
"7246778","VimL"
"7247046","Java"
"7296297","C"
"7299725","Ruby"
"7300073","JavaScript"
"7303857",
"7304063",
"7306673","CSS"
"7307371","Ruby"
"7315440",
"7336999","Shell"
"7354866","Ruby"
"7375496","JavaScript"
"7401165","Python"
"7427991",
"7453886","C#"
"7487938","JavaScript"
"7503571","Java"
"7507515","PHP"
"7515740","Ruby"
"7535679","Scala"
"7540622","Ruby"
"7544129","JavaScript"
"7562963","PHP"
"7563993","Java"
"7577781",
"7597284","JavaScript"
"7624394","PHP"
"7633613","Common Lisp"
"7635239","Objective-C"
"7636064","Python"
"7653722","Java"
"7665191","Shell"
"7682774","JavaScript"
"7689951","C"
"7691483","CSS"
"7731401","CSS"
"7745034","JavaScript"
"7748273","Python"
"7759493","Objective-C"
"7761310","Python"
"7770700","CSS"
"7779141","JavaScript"
"7786292","Go"
"7819640","CSS"
"7835578","Python"
"7856017","JavaScript"
"7875551","JavaScript"
"7899652","CSS"
"7919028","PHP"
"7947802","C++"
"7960973","Objective-C"
"7961749","Java"
"7974978","Ruby"
"7983715",
"8010844","JavaScript"
"8011327","Java"
"8013280","Clojure"
"8017772","Shell"
"8023488","Java"
"8031575","Shell"
"8038310","Python"
"8079307","Python"
"8081749","C#"
"8083989","C"
"8091799","Java"
"8098795","F#"
"8117575","Ruby"
"8140956","Python"
"8143066","Objective-C"
"8160559","Java"
"8163527","PHP"
"8165014","Ruby"
"8188075","Java"
"8217251","JavaScript"
"8231206","Objective-C"
"8244394","PHP"
"8246219","Python"
"8249876",
"8255049",
"8262537","VimL"
"8282008","HTML"
"8284977","JavaScript"
"8287262","Python"
"8292833","Java"
"8324023","JavaScript"
"8332620","Java"
"8347118","Perl"
"8355029","JavaScript"
"8355399","Objective-C"
"8358699","Objective-C"
"8375204","D"
"8391940","PHP"
"8479254","C++"
"8592995","Ruby"
"8622574","ActionScript"
"8639852","Shell"
"8667546","JavaScript"
"8714843","C"
"8730740","JavaScript"
"8785041","Java"
"8788120","JavaScript"
"8806813","HTML"
"8814281","Objective-C"
"8814424","Python"
"8824478","C#"
"8852349","PHP"
"8870998","Ruby"
"8913939","Python"
"8939642","C#"
"8941324","Java"
"8942818","JavaScript"
"8951577","Objective-C"
"8967841","ASP"
"9011152",
"9017041",
"9022688",
"9026308","Objective-C"
"9044187","JavaScript"
"9049071","C"
"9067322",
"9073758","Ruby"
"9092306",
"9103055","PHP"
"9122949",
"9125619","JavaScript"
"9126439",
"9140398","Java"
"9164060","PHP"
"9174160","JavaScript"
"9191905","C++"
"9196889","JavaScript"
"9210469","JavaScript"
"9213131","Objective-C"
"9222871","Objective-C"
"9243301",
"9267291",
"9277298",
"9322184","Ruby"
"9343682","JavaScript"
"9349267","C"
"9371999","JavaScript"
"9387761","D"
"9391898","Go"
"9463069","Shell"
"9467909","Python"
"9478012",
"9513334","Go"
"9541726","Python"
"9544569","Rust"
"9573385",
"9592051","C"
"9602553",
"9604324","CSS"
"9606876","Ruby"
"9608984","Python"
"9631508","HTML"
"9640788","JavaScript"
"9642040",
"9642201","JavaScript"
"9643526",
"9675870","C#"
"9687113","TeX"
"9698210","C"
"9699432","JavaScript"
"9702373","Ruby"
"9728877","Scala"
"9729101","C"
"9733459","JavaScript"
"9734803","Java"
"9739323","PHP"
"9743302","Clojure"
"9743691","PHP"
"9750543",
"9767990","Python"
"9784925","Go"
"9808795","Clojure"
"9812676","Objective-C"
"9815750",
"9817124","PHP"
"9832188",
"9839038","Python"
"9840369","CSS"
"9856432","Haskell"
"9876211","PHP"
"9881161","JavaScript"
"9905631",
"9906217","PHP"
"9929464","JavaScript"
"9951149","Python"
"9957253","JavaScript"
"9961002","C++"
"9969413","C#"
"9970320","JavaScript"
"9970551","VimL"
"9982844","Java"
"9990541","Go"
"9997017",
"10038647","JavaScript"
"10044737",
"10114497","Java"
"10118382","JavaScript"
"10127207","JavaScript"
"10153922","Python"
"10157323",
"10177094",
"10178941","Python"
"10191748","C"
"10197976","Go"
"10243690",
"10247526","Python"
"10263240","Ruby"
"10270001",
"10279721",
"10342620","Java"
"10345880","JavaScript"
"10373871",
"10374232","C++"
"10396650","Python"
"10397016","C++"
"10399292","Swift"
"10400153",
"10407448","HTML"
"10424121",
"10425724","Scala"
"10426417","Ruby"
"10446082","Java"
"10454675","Objective-C"
"10467357","Arduino"
"10474128","Objective-C"
"10481791",
"10498388","Scala"
"10504717","C"
"10510425","JavaScript"
"10512714","Python"
"10516291","Ruby"
"10527161","Java"
"10529088","Python"
"10536450","Swift"
"10555329","Python"
"10557577",
"10579063",
"10583437","Swift"
"10585815",
"10589192",
"10592295","JavaScript"
"10603682","Python"
"10618426","C#"
"10628625","C++"
"10631290","JavaScript"
"10632719","CSS"
"10642813","Swift"
"10643410",
"10646013","Swift"
"10664153",
"10737339","JavaScript"
"10738206","TeX"
"10751880","JavaScript"
"10761212",
"10763441","JavaScript"
"10773911","Objective-C"
"10776958",
"10804720",
"10809851","Java"
"10812681",
"10815238","JavaScript"
"10823903","JavaScript"
"10849909",
"10900987","Go"
"10910895",
"10923285","Objective-C"
"10925346",
"10936394",
"10938134",
"10947670","Ruby"
"10952404",
"10962335",
"10962779","JavaScript"
"10962849",
"10975446","PHP"
"10989920","Swift"
"11012738","CSS"
"11013888","Objective-C"
"11013924","JavaScript"
"11024195","PHP"
"11040302","JavaScript"
"11062926","Java"
"11066273",
"11066612",
"11090356","JavaScript"
"11093372",
"11100344","CSS"
"11103777",
"11106278","JavaScript"
"11106486","Ruby"
"11125771","Java"
"11131003","CSS"
"11132347","JavaScript"
"11136338","JavaScript"
"11139593",
"11145029","Erlang"
"11145131","Erlang"
"11151943","JavaScript"
"11152337",
"11159171","Shell"
"11161717","JavaScript"
"11172191","C"
"11175472","PHP"
"11195759",
"11200027","Java"
"11228639","Shell"
"11252194","PHP"
"11254287","CoffeeScript"
"11297013","JavaScript"
"11313132","Java"
"11328039","Ruby"
"11336759","JavaScript"
"11340887","Java"
"11356684","Ruby"
"11358572","JavaScript"
"11391757","Python"
"11406821","PHP"
"11412460","D"
"11415691","Ruby"
"11463276","JavaScript"
"11466528","JavaScript"
"11473240","Objective-C"
"11473378","Objective-C"
"11497760",
"11517780","Java"
"11519584",
"11538174","Python"
"11548146","Lua"
"11551813",
"11568187","HTML"
"11585826","Python"
"11602105","Swift"
"11608399","HTML"
"11615983","Shell"
"11634048","Python"
"11634199","JavaScript"
"11654207",
"11657787","Java"
"11660455","Swift"
"11665863","Swift"
"11665972","CSS"
"11676394","JavaScript"
"11687254","CSS"
"11687706",
"11735057","CSS"
"11740562","Go"
"11751488","Objective-C"
"11754997","JavaScript"
"11769880","Shell"
"11789030","JavaScript"
"11794421","JavaScript"
"11794796",
"11803307","JavaScript"
"11821658","JavaScript"
"11832442","Java"
"11907220","JavaScript"
"12015230","Python"
"12115012","JavaScript"
"12150380","JavaScript"
"12163166",
"12177558",
"12186213","Shell"
"12200161","Rust"
"12214267","JavaScript"
"12216920","Java"
"12220669","JavaScript"
"12221622","PHP"
"12240930","JavaScript"
"12304144",
"12306986","ASP"
"12313995","CSS"
"12332374","Java"
"12357324","Python"
"12379752",
"12390453","JavaScript"
"12413568","CSS"
"12422593","SaltStack"
"12424121","Java"
"12435659","Java"
"12439319","Python"
"12489054","JavaScript"
"12518556","Scala"
"12519818","JavaScript"
"12529191",
"12557120","Java"
"12558650","Go"
"12558703","JavaScript"
"12574852","Swift"
"12635450",
"12646060","Java"
"12648497","Go"
"12658463","JavaScript"
"12693962",
"12706844","JavaScript"
"12726897","CSS"
"12740796","JavaScript"
"12741487","PHP"
"12746126","JavaScript"
"12749548","JavaScript"
"12811549","JavaScript"
"12827503","JavaScript"
"12868919","Ruby"
"12930096","Java"
"12959225",
"12963085","JavaScript"
"12996327",
"13007562","Python"
"13035349",
"13041409",
"13041777","Objective-C"
"13058031","Swift"
"13107588",
"13107768",
"13343180","CoffeeScript"
"13345616","JavaScript"
"13348074","PHP"
"13392915","Java"
"13405592","C"
"13415096",
"13424226","JavaScript"
"13427611","JavaScript"
"13427853","JavaScript"
"13438746","Go"
"13439860","Emacs Lisp"
"13455680","Ruby"
"13459418","Haskell"
"13465629","Go"
"13466742","Ruby"
"13467938","CoffeeScript"
"13480201","CSS"
"13494142",
"13509305","Java"
"13511109","Python"
"13512471","JavaScript"
"13535423","Swift"
"13566846","JavaScript"
"13585290","JavaScript"
"13587145","CSS"
"13592253","JavaScript"
"13593152","Java"
"13605937","JavaScript"
"13608843","Bison"
"13610294","JavaScript"
"13613295","C"
"13628694",
"13631146","JavaScript"
"13662472","C#"
"13672208","Python"
"13677100","Python"
"13705953",
"13706917","JavaScript"
"13725284","C++"
"13726853","Go"
"13731223",
"13745730","Swift"
"13752290","JavaScript"
"13763415","Python"
"13801357","Go"
"13923935","Python"
"13972688","C++"
"13972945","Haskell"
"13988574","JavaScript"
"14023404","Perl"
"14028095","JavaScript"
"14048541",
"14049042",
"14093645",
"14117379","JavaScript"
"14157917",
"14166984",
"14206682",
"14254560","Java"
"14280165","JavaScript"
"14348013",
"14368838","JavaScript"
"14370006","JavaScript"
"14381362","Ruby"
"14393575","Java"
"14417909",
"14419822",
"14434431",
"14451906",
"14457963","Ruby"
"14476526",
"14476691",
"14481490","Vala"
"14496805","Python"
"14524682","Go"
"14576864",
"14580652","Java"
"14625866","PHP"
"14628898","Objective-C++"
"14633966",
"14660968",
"14677016",
"14691115","CoffeeScript"
"14693824","C++"
"14719391","Java"
"14724057",
"14740294","Python"
"14758742","Java"
"14782669",
"14786385","Assembly"
"14802362","LabVIEW"
"14827639",
"14827965","Go"
"14857693","Python"
"14918208",
"14945138","Python"
"14978563","CSS"
"14990109","Objective-C"
"14995695","VimL"
"14998555","Java"
"15007473","Processing"
"15016739","R"
"15027002","Java"
"15053873","F#"
"15059119","TeX"
"15068747",
"15082100","C"
"15088863",
"15112387",
"15167392","Go"
"15238079","C#"
"15248377","Swift"
"15251207","PHP"
"15286764",
"15303824","CoffeeScript"
"15313669",
"15344258",
"15361130",
"15388751",
"15400154",
"15400569",
"15407695","Go"
"15454610",
"15488641","Java"
"15503813",
"15531696",
"15542064","R"
"15554547","JavaScript"
"15583272","JavaScript"
"15601873","JavaScript"
"15625859","Python"
"15632990",
"15643041","JavaScript"
"15662475","Python"
"15673227","Puppet"
"15687402",
"15692108",
"15724079",
"15731277",
"15748127",
"15748215",
"15770343",
"15772261",
"15779775","Python"
"15784059","Python"
"15845303","C"
"15915189","JavaScript"
"15930747","Objective-C"
"15932489",
"15952671",
"15967123","CoffeeScript"
"16037577",
"16051341",
"16072211",
"16074108",
"16076757",
"16085723","Go"
"16112679","JavaScript"
"16121233","JavaScript"
"16132422","Go"
"16141280",
"16159976",
"16182332","JavaScript"
"16192892","JavaScript"
"16272431","JavaScript"
"16283191","JavaScript"
"16283276",
"16285631","PHP"
"16292870",
"16298014","CoffeeScript"
"16312951","Arduino"
"16327814","JavaScript"
"16331104","JavaScript"
"16357580",
"16358223","JavaScript"
"16372223",
"16394658","JavaScript"
"16409304",
"16415982",
"16463877",
"16475588",
"16530237",
"16547702","Ruby"
"16636130","JavaScript"
"16639962","JavaScript"
"16763781","JavaScript"
"16767949",
"16791438","Groovy"
"16837859","HTML"
"16837900","JavaScript"
"16872502","Java"
"16889361","Java"
"16908261",
"16931183",
"16952166",
"16987350",
"16989116","HTML"
"17018589","JavaScript"
"17127755",
"17140721",
"17142708",
"17176792","PHP"
"17185634",
"17253732","Makefile"
"17262021",
"17302013","Ruby"
"17302594","Java"
"17314643","Ruby"
"17327635","HTML"
"17343187",
"17383291","Lua"
"17402504","JavaScript"
"17484762","Java"
"17491763","Python"
"17496932",
"17519825",
"17519983","PHP"
"17549033","HTML"
"17555997","Python"
"17567258","Python"
"17573132","Java"
"17596843","JavaScript"
"17598670",
"17613279","Go"
"17667246","Python"
"17675810",
"17727833","PHP"
"17739888","CSS"
"17770132",
"17784756",
"17787386","Ruby"
"17797811","JavaScript"
"17811544",
"17850162",
"17861278","C#"
"17865733",
"17890609","Java"
"17899755",
"17900033",
"17911207","C"
"17916657","HTML"
"17936237","HTML"
"17962275","Objective-C++"
"18020458",
"18022219",
"18024328","JavaScript"
"18035743",
"18036564","Java"
"18044666",
"18110177",
"18118027",
"18123826",
"18213132",
"18257042","TypeScript"
"18257960","JavaScript"
"18269548","JavaScript"
"18275721","C++"
"18283451",
"18301813","Shell"
"18318098","Objective-C"
"18330509","Python"
"18348479","C#"
"18436362",
"18441369","JavaScript"
"18467332","JavaScript"
"18470725","Python"
"18531668",
"18541265",
"18584403",
"18593060",
"18603606","Rust"
"18618001","JavaScript"
"18655199","CSS"
"18693379","CSS"
"18719162","HTML"
"18728073","Objective-C"
"18761063",
"18770333","JavaScript"
"18799354","Ruby"
"18829446","Objective-C"
"18856552",
"18857226",
"18909070",
"18911442","JavaScript"
"18919766","JavaScript"
"18923595",
"18928200",
"18934757",
"19007344","Java"
"19007776","HTML"
"19012622",
"19015808","Haskell"
"19019018","HTML"
"19061059","PHP"
"19098171",
"19152564",
"19152765","JavaScript"
"19186831","Objective-C"
"19271473","Smalltalk"
"19317332",
"19320246",
"19391455","JavaScript"
"19458365",
"19511451","HTML"
"19522504",
"19578935",
"19587421",
"19616137",
"19645360",
"19646876","Scala"
"19671731","Java"
"19677029",
"19684534","Shell"
"19694326","HTML"
"19713336","Go"
"19731353","Python"
"19737681",
"19804249","PHP"
"19862717","JavaScript"
"19880177","HTML"
"19908030","PHP"
"19971063",
"19993942",
"20004098",
"20039757","PHP"
"20042424","Swift"
"20078281","JavaScript"
"20085478","C#"
"20090050","C#"
"20125997",
"20133503","PHP"
"20136748",
"20138455","Python"
"20170898",
"20182001",
"20207238",
"20218338",
"20220674","Python"
"20235558","Python"
"20235707",
"20290778",
"20291110","R"
"20294415",
"20335711","JavaScript"
"20349146",
"20363146","Java"
"20370633",
"20390381",
"20409354","JavaScript"
"20429570","Java"
"20431860","Python"
"20443021",
"20470577","Shell"
"20491401",
"20534866","JavaScript"
"20589882",
"20604401","Java"
"20614123","HTML"
"20649502","Shell"
"20671347",
"20675982",
"20679427","JavaScript"
"20743223","C++"
"20809368","JavaScript"
"20819094",
"20873386","Java"
"20966060",
"20975187","HTML"
"21018493",
"21025240","JavaScript"
"21048241","Python"
"21070376","Python"
"21075305",
"21181796",
"21230300",
"21242672",
"21250941","JavaScript"
"21292496","C#"
"21300380",
"21358127","HTML"
"21381822","Visual Basic"
"21383090",
"21394464","CSS"
"21402968","JavaScript"
"21407947",
"21420256","JavaScript"
"21541682","Python"
"21559722","JavaScript"
"21614927","C"
"21628667","JavaScript"
"21629316",
"21647104","PHP"
"21683376","Scala"
"21728102",
"21734513","C#"
"21743385","PHP"
"21748656","Python"
"21779620","Go"
"21802950",
"21855974","JavaScript"
"21862489",
"21876127","PHP"
"21898406","Java"
"21910390","Python"
"21915073","TeX"
"22015744","JavaScript"
"22043755","JavaScript"
"22044500","JavaScript"
"22045640","JavaScript"
"22046016","JavaScript"
"22048017","Java"
"22048081","PowerShell"
"22066527","JavaScript"
"22069136","JavaScript"
"22069934","Objective-C"
"22070816",
"22071989","JavaScript"
"22075540","Java"
"22091370","Go"
"22091899",
"22092113",
"22104188",
"22128007","JavaScript"
"22169163","JavaScript"
"22185738","Java"
"22222136","Swift"
"22247124","Perl"
"22259219","Makefile"
"22306898","CSS"
"22349524",
"22403802","JavaScript"
"22551068","CSS"
"22682660","CoffeeScript"
"22707184","JavaScript"
"22739690","Java"
"22873585","C++"
"23109729","R"
"23295009","JavaScript"
"23357535","JavaScript"
"23372065","PHP"
"23563217",
"23578372",
"23615123","C"
"23651097","R"
"23667739",
"23811108","JavaScript"
"24081977","Java"
"24108378",
"24139115","JavaScript"
"24145027","JavaScript"
"24148064","Go"
"24177305","Java"
"24221905","C"
"24223768","HTML"
"24253722","C#"
"24292670","CSS"
"24305814","Shell"
"24494394","Java"
"24607934",
"24709570",
"24793559","Python"
"24809274","Objective-C"
"24810010","JavaScript"
"24934085","JavaScript"
"24944429","JavaScript"
"24956596","JavaScript"
"24959908","CSS"
"24996809","Java"
"25029093","C++"
"25031693","JavaScript"
"25037627","Swift"
"25073268","JavaScript"
"25090094","Swift"
"25108643","Python"
"25139441","HTML"
"25167525","Ruby"
"25203109","JavaScript"
"25302591","Objective-C"
"25382198","C"
"25422470",
"25533958","Java"
"25625314","JavaScript"
"25859912","Java"
"25889986","Go"
"25895634","Java"
"25973837",
"26108120","JavaScript"
"26138121","Swift"
"26155191","JavaScript"
"26164589","Elixir"
"26166110","Go"
"26190527","C++"
"26206430","Swift"
"26222249","C#"
"26236586","JavaScript"
"26245476","C++"
"26246385","JavaScript"
"26275189","JavaScript"
"26279748","Python"
"26284149","C#"
"26301794","C"
"26319234","Java"
"26352309",
"26424759","JavaScript"
"26480180","Java"
"26504469","Python"
"26525696","Rust"
"26564562","R"
"26591952","C#"
"26639653","PHP"
"26779299","Go"
"26922010","HTML"
"26985008","CoffeeScript"
"27026282",
"27208040",
"27235602",
"27276128",
"27328025","Assembly"
"27363814",
"27386437","JavaScript"
"27408185",
"27431484",
"27491012","JavaScript"
"27530966","C"
"27580781",
"27603180",
"27630499",
"27667706",
"27673453",
"27689986",
"27709594","Python"
"27905590","R"
"27930209","HTML"
"27974106",
"27979012",
"28106803",
"28110760",
"28139374",
"28182362",
"28207543","Go"
"28229053","JavaScript"
"28244762",
"28247718",
"28251962",
"28330860",
"28332309",
"28332943",
"28357434",
"28442707",
"28519442",
"28537208","Python"
"28541095",
"28563666","Ruby"
"28573219",
"28575855","C++"
"28580433","HTML"
"28590868","Clojure"
"28591147","JavaScript"
"28650017",
"28702077",
"28715391",
"28746032",
"28768114",
"28770264","Go"
"28866187","Python"
"28895758","PHP"
"28963802","HTML"
"28992266","JavaScript"
"29048375","Java"
"29118645",
"29119701",
